season,category,rank,player,slug,headshot_id,INT,INT TD,INT Yds,Lng
2025,interceptions,1,Kevin Byard,kevin-byard,b11d1p9hvxgvobcqaiud,7,0,91,35
2025,interceptions,2,Jaycee Horn,jaycee-horn,fmqur86wgh5craixy3yd,5,0,46,22
2025,interceptions,3,Antonio Johnson,antonio-johnson-3,rrxemukb8b2to7ba2g56,5,1,107,58
2025,interceptions,4,Ernest Jones,ernest-jones-2,zn0pz6okty7vbj5ryryt,5,1,150,85
2025,interceptions,5,Devin Lloyd,devin-lloyd,hbva85h6axjaiiiiwjfv,5,1,135,99
2025,interceptions,6,Xavier Watts,xavier-watts,kfq1ekzcnannihp8qatc,5,0,32,32
2025,interceptions,7,Nahshon Wright,nahshon-wright,pma5y3ixotctzzyqxygd,5,1,118,74
2025,interceptions,8,Jordan Battle,jordan-battle,iydwxwxig8e2godjx070,4,0,6,4
2025,interceptions,9,Coby Bryant,coby-bryant,kfojqisbt4anuiecraw5,4,0,43,28
2025,interceptions,10,Calen Bullock,calen-bullock,dp7ntdi5yxyhikjjsojs,4,0,40,29
2025,interceptions,11,Camryn Bynum,camryn-bynum,rncq5z5bfhigx2atid7k,4,0,22,14
2025,interceptions,12,Tremaine Edmunds,tremaine-edmunds,oel5uugavzbyitnjlw7f,4,0,10,10
2025,interceptions,13,Jaylinn Hawkins,jaylinn-hawkins,wll7vcwwhv4izv6klkg6,4,0,1,1
2025,interceptions,14,Marlon Humphrey,marlon-humphrey,zru6ellib9fzob6zq5c3,4,0,54,27
2025,interceptions,15,Mike Jackson,mike-jackson,ohcl41cpchr9fjoktlj6,4,1,102,54
2025,interceptions,16,Donte Jackson,donte-jackson,ptrcpfheqfuuyiqexmsq,4,0,27,21
2025,interceptions,17,Tony Jefferson,tony-jefferson,frazimtiuk4fsvlghusz,4,0,5,3
2025,interceptions,18,Kamari Lassiter,kamari-lassiter,uu606e3mutdzuzclkl7w,4,0,0,0
2025,interceptions,19,Jalen Pitre,jalen-pitre,brjf4opiqlbzp5q0wjcj,4,0,18,12
2025,interceptions,20,Mike Sainristil,mike-sainristil,eftoaweovfwayhiyjg6q,4,0,78,55
2025,interceptions,21,Derek Stingley Jr.,derek-stingley-jr,wkzinciyrrmsqdlda8lj,4,1,68,31
2025,interceptions,22,Cody Barton,cody-barton,gdsui5swyoiuqadewwob,3,1,25,24
2025,interceptions,23,Jessie Bates,jessie-bates,eego6d6svadhqg1dyacg,3,1,54,34
2025,interceptions,24,Cole Bishop,cole-bishop,kjvkuqb6ghv0ydbsoows,3,0,16,12
2025,interceptions,25,Denzel Burke,denzel-burke,ertjghbr5dldlhzml7jh,3,0,20,16
2025,interceptions,26,Devin Bush,devin-bush,yn9buon12abtkbrm9cqm,3,2,164,97
2025,interceptions,27,Jamel Dean,jamel-dean,i14xz1t5kffhey7aas39,3,1,74,55
2025,interceptions,28,Cobie Durant,cobie-durant,oeeeljrjnb0mvvzi6csj,3,1,60,50
2025,interceptions,29,Emmanuel Forbes,emmanuel-forbes,zuqfigu7eadzoeo0uymt,3,0,43,31
2025,interceptions,30,Dee Alford,deaundre-ford,mgi0d5fd1huslr3kfqg1,3,0,59,59
2025,interceptions,31,Jalyx Hunt,jalyx-hunt,uymi2mf5vbfkxopurlby,3,1,53,42
2025,interceptions,32,Derwin James,derwin-james,z9au0ajgcwoeozfdu0ec,3,0,28,21
2025,interceptions,33,Jarrian Jones,jarrian-jones,zauu0tt26tt32qevyvtm,3,0,13,13
2025,interceptions,34,Marcus Jones,marcus-jones-2,eteesniqc4caawrpbfuh,3,1,65,33
2025,interceptions,35,Kerby Joseph,kerby-joseph,jairg6uh8wzsvw6fmtpx,3,0,1,1
2025,interceptions,36,Kyu Blu Kelly,kyu-blu-kelly,jmwlrbcsuzckrohnwgdu,3,0,26,26
2025,interceptions,37,Laiatu Latu,laiatu-latu,xiuokdmqrzzfn0dseqxw,3,0,9,6
2025,interceptions,38,Kool-Aid McKinstry,kool-aid-mckinstry,n0yip0zx9i25jbwugzmo,3,0,0,0
2025,interceptions,39,Nate Wiggins,nate-wiggins,fz9g7jofrkejlgowugfk,3,0,84,61
2025,interceptions,40,Evan Williams,evan-williams,g3utgsouys3kewppbnb5,3,0,0,0
2025,interceptions,41,Azeez Al-Shaair,azeez-al-shaair,s03mktbhybon2whnvytl,2,0,0,0
2025,interceptions,42,Zack Baun,zack-baun,dhostt4bqph1utq56oxc,2,0,0,0
2025,interceptions,43,Christian Benford,christian-benford,kxucquiz77lhp8rn1nni,2,1,63,63
2025,interceptions,44,Mekhi Blackmon,mekhi-blackmon,wrzakzdbmugca60xbidc,2,0,41,32
2025,interceptions,45,Ji'Ayir Brown,ji-ayir-brown,gmgewszcsvxdb63dmqby,2,0,4,4
2025,interceptions,46,Montaric Brown,montaric-brown,jslgwquwwlbotxr8f1jz,2,0,0,0
2025,interceptions,47,Kam Curl,kamren-curl,b57yoekpyop58abtiilz,2,0,0,0
2025,interceptions,48,Cooper DeJean,cooper-dejean,aifrssmqxtoiydq9r1uo,2,0,32,21
2025,interceptions,49,Rasul Douglas,rasul-douglas,f2ac9dmdbhc6rvgllcbt,2,0,43,38
2025,interceptions,50,Kyle Dugger,kyle-dugger,azhrudd22sxdaxaiwy2k,2,1,73,73
2025,interceptions,51,Brandin Echols,brandin-echols,igkzt4tpxbb3lfcbfnzw,2,0,0,0
2025,interceptions,52,A.J. Epenesa,a-j-epenesa,hprr0vl8ruh0veetztij,2,0,25,24
2025,interceptions,53,C.J. Gardner-Johnson,chauncey-gardner-johnson,pvzkbh5j3zlna7pkywx6,2,0,60,32
2025,interceptions,54,Maxwell Hairston,maxwell-hairston,we3enqymnmzrfabz8srg,2,0,1,1
2025,interceptions,55,Daiyan Henley,daiyan-henley,jl1rn08ci17wub2xok8a,2,0,8,8
2025,interceptions,56,Ronnie Hickman Jr.,ronnie-hickman-jr,ds24p7j86p9mwshsjvbu,2,0,31,16
2025,interceptions,57,Derion Kendrick,derion-kendrick,rhmkstzb8ox2thtdo4k3,2,0,0,0
2025,interceptions,58,Kamren Kinchens,kamren-kinchens,fnxdjnzzmmihkv0p2efc,2,0,53,31
2025,interceptions,59,Demetrius Knight Jr.,demetrius-knight-jr,j9eequyosorm1p9zc5gx,2,0,39,39
2025,interceptions,60,Deommodore Lenoir,deommodore-lenoir,ozfx4033owzfliip24v2,2,0,90,64
2025,interceptions,61,Jourdan Lewis,jourdan-lewis,pfd9esqxpi8xgedprdls,2,0,6,6
2025,interceptions,62,Xavier McKinney,xavier-mckinney,qhxnlik9ekqnbuxqbvpz,2,0,0,0
2025,interceptions,63,Ja'Quan McMillian,ja-quan-mcmillian,kpgabuesfqci0swbrkem,2,1,61,45
2025,interceptions,64,Josh Metellus,josh-metellus,gmb2ahv4eq0jphammw2h,2,0,0,0
2025,interceptions,65,R.J. Mickens,r-j-mickens,ukzfqydyiezmemut0zoe,2,0,25,15
2025,interceptions,66,Andrew Mukuba,andrew-mukuba,eurn0h9z78sclv1eq5jp,2,0,41,41
2025,interceptions,67,Byron Murphy,byron-murphy,secfzfwznyhcgiow4rvq,2,0,15,15
2025,interceptions,68,Bobby Okereke,bobby-okereke,q5gc9nwmikqcyza7m3ku,2,0,54,47
2025,interceptions,69,Jacob Parrish,jacob-parrish,xspc6ojezhpflx0jorx4,2,0,3,3
2025,interceptions,70,Andru Phillips,andru-phillips,kh3iigah1t49ywg0scb9,2,0,56,56
2025,interceptions,71,Isaiah Pola-Mao,isaiah-pola-mao,iv2fsbkqbciaglpqrlbd,2,0,0,0
2025,interceptions,72,D.J. Reed,d-j-reed,haxt1fpxhgnobin0d5sx,2,0,34,34
2025,interceptions,73,Jonas Sanker,jonas-sanker,pq0uzqjisndztl1ru3oa,2,0,29,29
2025,interceptions,74,Jack Sawyer,jack-sawyer,bsfaucfu7cawckhpr73k,2,0,31,27
2025,interceptions,75,Carson Schwesinger,carson-schwesinger,ga2yg6qhxs12sqo6jvfz,2,0,16,9
2025,interceptions,76,Harrison Smith,harrison-smith,kadw1bk0cxsarjrwbdrq,2,0,12,11
2025,interceptions,77,Robert Spillane,robert-spillane,xdchysme8chq50omxcui,2,0,70,37
2025,interceptions,78,Malaki Starks,malaki-starks,lqdlc7railysoycjeny9,2,0,9,9
2025,interceptions,79,Geno Stone,geno-stone,sgf49brnj161yst22imt,2,1,57,32
2025,interceptions,80,Alontae Taylor,alontae-taylor,avogci7ghtzxoxdcdtnx,2,0,21,11
2025,interceptions,81,Dadrion Taylor-Demerson,dadrion-taylor-demerson,w4wcod46hxptpseyi6o3,2,0,18,18
2025,interceptions,82,Dondrea Tillman,dondrea-tillman,rqo88erhkag4dfighxdw,2,0,59,36
2025,interceptions,83,DJ Turner II,dj-turner-2,nijmaqsa0uggtjzmpzgy,2,0,7,7
2025,interceptions,84,Bobby Wagner,bobby-wagner,msulezmb9dk3klpgymoj,2,0,7,6
2025,interceptions,85,Jaylen Watson,jaylen-watson,vxmoq9pwno4z14gldecd,2,0,14,14
2025,interceptions,86,T.J. Watt,t-j-watt,aywegy4gpj1d32vrl67u,2,0,13,13
2025,interceptions,87,Donovan Wilson,donovan-wilson,fl10d0bhrvfrqkjamcgp,2,0,21,21
2025,interceptions,88,Antoine Winfield Jr.,antoine-winfield-jr,wn2vlv6eyc9str0ak0fx,2,0,5,5
2025,interceptions,89,Xavier Woods,xavier-woods,of7kdkfale5fnuz6u8gr,2,0,51,35
2025,interceptions,90,Paulson Adebo,paulson-adebo,yft8adxhq7go3eqd8d9k,1,0,0,0
2025,interceptions,91,Alex Anzalone,alex-anzalone,ltqvhzvqdxxtl1phtrgi,1,0,14,14
2025,interceptions,92,Terrion Arnold,terrion-arnold,h3rbtalyoblh2szat9qc,1,0,0,0
2025,interceptions,93,Budda Baker,budda-baker,tpr5aphfvgckzecyr5rd,1,0,0,0
2025,interceptions,94,Derrick Barnes,derrick-barnes-2,bh66oqiavycebvryiy96,1,0,23,23
2025,interceptions,95,Jahdae Barron,jahdae-barron,ashvve6dr35gtgdyjo10,1,0,0,0
2025,interceptions,96,Markquese Bell,markquese-bell,wdantov1g2bbtjf4chpx,1,0,24,24
2025,interceptions,97,Dane Belton,dane-belton,iiss6ltg2ajuabrisoqw,1,0,8,8
2025,interceptions,98,Terrel Bernard,terrel-bernard,rhs6gmpfig52ziimyzls,1,0,24,24
2025,interceptions,99,DaRon Bland,daron-bland,z07adznf3gtvfusy8azb,1,1,68,68
2025,interceptions,100,Reed Blankenship,reed-blankenship,qbrxcx1jmwabwtdwco3o,1,0,0,0
2025,interceptions,101,Nick Bolton,nick-bolton,pgkezol12laags229maz,1,0,0,0
2025,interceptions,102,Ethan Bonner,ethan-bonner,zfylu04usdezofligghl,1,0,0,0
2025,interceptions,103,Billy Bowman Jr.,billy-bowman-jr,mbkdinv8urtidys4hfwe,1,0,0,0
2025,interceptions,104,Trikweze Bridges,trikweze-bridges,vmjfea3sm8cg0hrlibgj,1,0,7,7
2025,interceptions,105,Jaquan Brisker,jaquan-brisker-x6231,ng47khcomgkkfrmelstp,1,0,32,32
2025,interceptions,106,Baron Browning,baron-browning,wc0wkbhogzdxgaik9fh5,1,0,4,4
2025,interceptions,107,Jihaad Campbell,jihaad-campbell,njvl2eabvfekcqqa4jmq,1,0,0,0
2025,interceptions,108,Tyson Campbell,tyson-campbell,qhtmkkoqakioplm2vfrw,1,1,34,34
2025,interceptions,109,Barrett Carter,barrett-carter,jdzoxrmno9l5qytgz0iv,1,0,16,16
2025,interceptions,110,Leo Chenal,leo-chenal,vjl1lsaotcqcxkhm2std,1,0,0,0
2025,interceptions,111,Jack Cochrane,jack-cochrane,oayygmhoisjcedhuqm23,1,0,0,0
2025,interceptions,112,Chamarri Conner,chamarri-conner,fzzbwoogfbowestdz7gz,1,0,1,1
2025,interceptions,113,Maxx Crosby,maxx-crosby-x6606,r9gqe3lrjstj55ydljhk,1,0,19,19
2025,interceptions,114,Nick Cross,nick-cross,kk6rwopeqnomepo0lc9f,1,0,0,0
2025,interceptions,115,Michael Danna,michael-danna,brbpgu0xj2w0egcy5pid,1,0,10,10
2025,interceptions,116,Lavonte David,lavonte-david,gicyoxodiwdzvybrzddk,1,0,3,3
2025,interceptions,117,Ashtyn Davis,ashtyn-davis,e0ppdz8rxegnsmgkj31q,1,0,21,21
2025,interceptions,118,Jalen Davis,jalen-davis,lspbj6tc3afry1certf6,1,0,0,0
2025,interceptions,119,Akeem Davis-Gaither,akeem-davis-gaither,cxiu4fzpikl8lhpvooza,1,0,0,0
2025,interceptions,120,Grant Delpit,grant-delpit,p1pfbn04h6myuuvvgvgr,1,0,25,25
2025,interceptions,121,SirVocea Dennis,sirvocea-dennis,jcqpqpizmzp5fotauj38,1,0,0,0
2025,interceptions,122,Tyrel Dodson,tyrel-dodson,ssfyc6yarlegh112xeoa,1,0,0,0
2025,interceptions,123,T.J. Edwards,t-j-edwards,tqu3uz4nzkcq4crcepj3,1,1,34,34
2025,interceptions,124,DeShon Elliott,deshon-elliott,hf9qrjvja3ej77feihts,1,0,-4,-4
2025,interceptions,125,Kaden Elliss,kaden-elliss,lndj0awmhdulawkcjgua,1,0,16,16
2025,interceptions,126,Nick Emmanwori,nick-emmanwori,pmy1sehsvo596a7si0i0,1,0,0,0
2025,interceptions,127,Minkah Fitzpatrick,minkah-fitzpatrick,z733r4dwebhrqeeihy0e,1,0,7,7
2025,interceptions,128,Cordale Flott,cordale-flott,dk8b5dpa5fflut1j4ynl,1,0,68,68
2025,interceptions,129,Ashton Gillotte,ashton-gillotte,bk23ynvyi8g8ppbwb764,1,0,14,14
2025,interceptions,130,Carl Granderson,carl-granderson,bhudfgndbvogastdhvb7,1,0,0,0
2025,interceptions,131,Dre Greenlaw,dre-greenlaw-x9042,jtvcc2vtczop90dkl4wd,1,0,27,27
2025,interceptions,132,Da'Shawn Hand,da-shawn-hand,c2synfyorkd9gnrvv43v,1,0,7,7
2025,interceptions,133,Thomas Harper,thomas-harper,gndkodhyidctgvcqy1bk,1,0,0,0
2025,interceptions,134,Cam Hart,cam-hart,khd8lmp7idmluahgvk3u,1,0,27,27
2025,interceptions,135,C.J. Henderson,c-j-henderson,mlbq9cpapxfoabj7fsvt,1,0,0,0
2025,interceptions,136,Nick Herbig,nick-herbig,ox9fpvzppbe9uyqvnp2q,1,0,41,41
2025,interceptions,137,Daxton Hill,dax-hill,onw9ijbhtrdvjqpi0toh,1,0,0,0
2025,interceptions,138,Jevon Holland,jevon-holland,z5pg2azijnijyvqexm4r,1,0,3,3
2025,interceptions,139,Mike Hughes,mike-hughes,tncrybucqelrcrsgumds,1,0,6,6
2025,interceptions,140,Aidan Hutchinson,aidan-hutchinson,gmeczjok2lmjftb6mfof,1,0,58,58
2025,interceptions,141,Alijah Huzzie,alijah-huzzie,cspeq4wwmy82tmumrh6n,1,0,0,0
2025,interceptions,142,Adoree' Jackson,adoree-jackson,jtskiyzkosuajjatls72,1,0,1,1
2025,interceptions,143,D'Marco Jackson,d-marco-jackson,bwbialh78nao9svr8jqn,1,0,0,0
2025,interceptions,144,Rayshawn Jenkins,rayshawn-jenkins,e3tppqrhd6bpipfn2k4z,1,0,9,9
2025,interceptions,145,Josh Jobe,joshua-jobe,df0ybhz5czunkbhgdefc,1,0,0,0
2025,interceptions,146,Jaylon Johnson,jaylon-johnson,ooazlgwwseozyduthxn6,1,0,0,0
2025,interceptions,147,Brandon Jones,brandon-jones-3,vsc57i9kmaaquegceqtt,1,0,0,0
2025,interceptions,148,DaQuan Jones,daquan-jones,w7qkicdj6v0figbmfp0u,1,0,1,1
2025,interceptions,149,Jack Jones,jack-jones-2,ah12ltwvgwl9few2ktqj,1,0,7,7
2025,interceptions,150,Quentin Lake,quentin-lake,qktbfevtbxiyrw9ekk72,1,0,0,0
2025,interceptions,151,Chris Lammons,chris-lammons,odsa5adl0tyjcer1hnzz,1,0,0,0
2025,interceptions,152,Nate Landman,nate-landman,w44rpubxjijvxv0pkfnh,1,0,0,0
2025,interceptions,153,Marshon Lattimore,marshon-lattimore,z4npwlwl5teozc1lp8ky,1,0,0,0
2025,interceptions,154,Dexter Lawrence,dexter-lawrence,nhk41gu7prupza1wda8v,1,0,37,37
2025,interceptions,155,Julian Love,julian-love,l2tncxut7ssqo0ilamxq,1,0,26,26
2025,interceptions,156,Avonte Maddox,avonte-maddox,j2guzeu1ggx5opajjl3h,1,0,0,0
2025,interceptions,157,DeAngelo Malone,deangelo-malone,uyjqwnbcams2hk2rmyh2,1,0,6,6
2025,interceptions,158,Marte Mapu,marte-mapu,iulfjo62qs1q2uec0rxu,1,0,20,20
2025,interceptions,159,Jason Marshall Jr.,jason-marshall-jr,chf1ow0awwha9hrcoqxc,1,0,24,24
2025,interceptions,160,Arthur Maulet,arthur-maulet,aubd7y8fpt8tdx3tci9t,1,0,0,0
2025,interceptions,161,Zyon McCollum,zyon-mccollum,tx9thnuxhb2uqzbl0dgb,1,0,19,19
2025,interceptions,162,Roger McCreary,roger-mccreary,elq9ou82mtnczfos63em,1,0,0,0
2025,interceptions,163,Isaiah McDuffie,isaiah-mcduffie,fjcqgmefc4u0plwp92mq,1,0,0,0
2025,interceptions,164,Trent McDuffie,trent-mcduffie,xaq30zfwnliekwqzoank,1,0,2,2
2025,interceptions,165,Ifeatu Melifonwu,ifeatu-melifonwu,ftt7jc1nr0hmf1xmzyh2,1,0,0,0
2025,interceptions,166,Ventrell Miller,ventrell-miller,gmxgq1mjnbdjjpcggamn,1,0,0,0
2025,interceptions,167,Tre'von Moehrig,trevon-moehrig,cyprwi2vzj1a3oitgseo,1,0,36,36
2025,interceptions,168,Elijah Molden,elijah-molden,hz9saur2at7u0n9nl9ly,1,0,0,0
2025,interceptions,169,Kenny Moore II,kenny-moore,ji3hdoi86xonnhxlr6gl,1,1,32,32
2025,interceptions,170,Riley Moss,riley-moss,o8jxuxi7vqa9kxt0rawn,1,0,0,0
2025,interceptions,171,Eric Murray,eric-murray,azsral4artrpwkjhh7cy,1,0,12,12
2025,interceptions,172,Malik Mustapha,malik-mustapha,pufbixooejmh540h5qhi,1,0,0,0
2025,interceptions,173,Anthony Nelson,anthony-nelson,b6hjuuemwgsh8q7lmadz,1,1,3,3
2025,interceptions,174,Greg Newsome II,greg-newsome-ii,zyfy3onrys9i6ounvai8,1,0,0,0
2025,interceptions,175,Keisean Nixon,keisean-nixon,ousxob0dqjxxmcalq8aa,1,0,0,0
2025,interceptions,176,Ty Okada,ty-okada,dpnc6udwdhtrsq898nec,1,0,0,0
2025,interceptions,177,Foye Oluokun,foye-oluokun,ldsewkhf1k2uxwcud0bj,1,0,0,0
2025,interceptions,178,James Pierre,james-pierre,ejlisynlop21gglz3zbh,1,0,9,9
2025,interceptions,179,Joey Porter Jr.,joey-porter-jr,pcan3dqynqusx1ltmecf,1,0,0,0
2025,interceptions,180,Jordan Poyer,jordan-poyer,jv5ibhkljw1u9knlwqzy,1,0,10,10
2025,interceptions,181,Germaine Pratt,germaine-pratt,genaletbuldhonkf0zlc,1,0,0,0
2025,interceptions,182,Jalen Ramsey,jalen-ramsey,pjozgun3xstol72jfoow,1,0,2,2
2025,interceptions,183,Lathan Ransom,lathan-ransom,gg0ztjfsso4y7yx4fxfb,1,0,5,5
2025,interceptions,184,Jeremy Reaves,jeremy-reaves,kwmtxcogvel516q4ws86,1,0,28,28
2025,interceptions,185,Justin Reid,justin-reid,ysi7vrkwfhei6adamgb3,1,1,49,49
2025,interceptions,186,Quincy Riley,quincy-riley,q4qlahpfgvbren4xt0pj,1,0,0,0
2025,interceptions,187,Amik Robertson,amik-robertson,giptmuhxwq2ugaaettbg,1,0,2,2
2025,interceptions,188,Isaiah Rodgers,isaiah-rodgers,ukadn9uyrajapqo6gxuj,1,1,87,87
2025,interceptions,189,Christian Roland-Wallace,christian-roland-wallace,foy9ykwmm3vcqgfviowz,1,0,23,23
2025,interceptions,190,Christian Rozeboom,christian-rozeboom,zuetviyilmxazi5dhts2,1,0,20,20
2025,interceptions,191,Asante Samuel Jr.,asante-samuel-jr,pqualt9wauuhcaop7tqm,1,0,0,0
2025,interceptions,192,Nick Scott,nick-scott,rxmve4vvejz6looxumrw,1,0,0,0
2025,interceptions,193,Tykee Smith,tykee-smith,thib1riuixa3whhe6ohv,1,0,0,0
2025,interceptions,194,Chau Smith-Wade,chau-smith-wade,hkbpogql05pnyegi6itv,1,1,11,11
2025,interceptions,195,Charles Snowden,charles-snowden,lwfjnx5rgx1hanfqfnl7,1,0,18,18
2025,interceptions,196,Tyrique Stevenson,tyrique-stevenson,l0xpg0hpxsepfootn0sq,1,0,3,3
2025,interceptions,197,Grover Stewart,grover-stewart,hevbchcmeeujuwjcyjqv,1,0,3,3
2025,interceptions,198,Benjamin St-Juste,benjamin-st-juste,kaebn8lqtuhjgcoywxuz,1,0,0,0
2025,interceptions,199,Justin Strnad,justin-strnad,mlrmzoeod0ocotxp2nam,1,0,21,21
2025,interceptions,200,Pat Surtain II,patrick-surtain-ii,soec8zk3n5jvxvywq1gm,1,0,0,0
2025,interceptions,201,T.J. Tampa,t-j-tampa,poanrufasprugy1q1ulq,1,0,0,0
2025,interceptions,202,Drake Thomas,drake-thomas,rmsrwh97imnsmq3lw1xm,1,0,0,0
2025,interceptions,203,Kobie Turner,kobie-turner,lallpvcrevuemqxzmyuu,1,0,10,10
2025,interceptions,204,Andrew Van Ginkel,andrew-van-ginkel,vbpdlib647tcpzz59wyt,1,0,40,40
2025,interceptions,205,Kyle Van Noy,kyle-van-noy,kxj2hipcguahh4l60vaa,1,0,11,11
2025,interceptions,206,Kindle Vildor,kindle-vildor,ep3iocz1qboqkcj16aoc,1,0,13,13
2025,interceptions,207,Josh Wallace,josh-wallace,rl9xt27qup1xfmv1h1gc,1,0,56,56
2025,interceptions,208,Denzel Ward,denzel-ward,mmp5gacrbeeolrsgg5wm,1,0,13,13
2025,interceptions,209,Devin White,devin-white,oqv87a7jn67zgnlplnbp,1,0,0,0
2025,interceptions,210,Tre'Davious White,tre-davious-white,uxwbh1qimnyieywlu6ic,1,0,0,0
2025,interceptions,211,Quinnen Williams,quinnen-williams,lijqxjhytjakehnusgmn,1,0,0,0
2025,interceptions,212,Darious Williams,darious-williams,nzrgn9doxy57s7si8uyf,1,0,18,18
2025,interceptions,213,Garrett Williams,garrett-williams,av20qv7vnk7arcnw25bd,1,0,0,0
2025,interceptions,214,Mack Wilson,mack-wilson,zjazfilpr7k2agiwqpxn,1,0,9,9
2025,interceptions,215,Payton Wilson,payton-wilson,zgvgobg9xpibsa2sofyw,1,0,17,17
2025,interceptions,216,Andrew Wingard,andrew-wingard,lueoe3vqsknnvax0gnmf,1,0,39,39
2025,interceptions,217,Dee Winters,dee-winters,xlebnylgre4ogpnnl4na,1,1,74,74
2025,interceptions,218,Devon Witherspoon,devon-witherspoon,po6rkbe4pjei7hycg2nu,1,0,3,3
2025,interceptions,219,Ahkello Witherspoon,ahkello-witherspoon,m6xxy6xiebkbfwteth6n,1,0,0,0
2025,interceptions,220,D.J. Wonnum,d-j-wonnum,ajj965d0f6fmtfprrsgo,1,0,0,0
2025,interceptions,221,Riq Woolen,tariq-woolen,aodr0vp93fzhdsff9fzj,1,0,30,30
