season,category,rank,player,slug,headshot_id,Rec,Yds,TD,20+,40+,LNG,Rec 1st,1st%,Rec FUM,Rec YAC/R,Tgts
2025,receiving,1,Puka Nacua,puka-nacua,ipy6qw7hdygdfc8k86ba,129,1715,10,27,3,58,80,62,1,666,166
2025,receiving,2,Trey McBride,trey-mcbride,psasp10nn5pcvkli9kil,126,1239,11,12,0,31,63,50,0,583,169
2025,receiving,3,Ja'Marr Chase,ja-marr-chase,qya3dtjb5kgofcuj2tuw,125,1412,8,15,2,64,73,58.4,1,640,185
2025,receiving,4,Jaxon Smith-Njigba,jaxon-smith-njigba,yx1xjrupbqdknnjaq4a6,119,1793,10,27,8,63,79,66.4,3,528,163
2025,receiving,5,Amon-Ra St. Brown,amon-ra-st-brown,fd8nwhm6pvxfyzphzl6i,117,1401,11,19,1,52,71,60.7,1,570,172
2025,receiving,6,Christian McCaffrey,christian-mccaffrey,st82s2ytyzanatcmkqck,102,924,7,7,0,39,49,48,1,720,129
2025,receiving,7,Chris Olave,chris-olave,onmxufsprtvglhejg94o,100,1163,9,11,4,62,53,53,0,289,156
2025,receiving,8,George Pickens,george-pickens,cbpyykoguf7rsxezqzvk,93,1429,9,22,4,45,73,78.5,4,479,137
2025,receiving,9,Wan'Dale Robinson,wan-dale-robinson,yzcvyhmilvxedfjfjglc,92,1014,4,14,2,50,39,42.4,1,386,140
2025,receiving,10,Kyle Pitts,kyle-pitts,xczipzxvytnmvgznhhb4,88,928,5,12,0,36,51,58,0,400,118
2025,receiving,11,Zay Flowers,zay-flowers,xzhto2dejy2pflkfx40c,86,1211,5,19,4,64,48,55.8,3,458,118
2025,receiving,12,Stefon Diggs,stefon-diggs,cemcexmscsarpvwhafln,85,1013,4,17,0,34,51,60,0,354,102
2025,receiving,13,Justin Jefferson,justin-jefferson,htjevkugzk6ietrjysny,84,1048,2,12,2,50,47,56,0,451,141
2025,receiving,14,Jake Ferguson,jake-ferguson,xpykb0tbosfwsn6dqstb,82,600,8,2,0,26,30,36.6,3,307,102
2025,receiving,15,Dalton Schultz,dalton-schultz,ym8sbkev8l4scnrc0vd8,82,777,3,5,1,47,39,47.6,1,358,106
2025,receiving,16,Keenan Allen,keenan-allen,ri267r6lzfwarh89hsn6,81,777,4,6,0,31,49,60.5,2,231,122
2025,receiving,17,Michael Pittman,michael-pittman-2,q1ythn05kwcmdr4mwzll,80,784,7,5,0,27,47,58.8,0,259,111
2025,receiving,18,Bijan Robinson,bijan-robinson,esii5yb8yn9edboi4mlq,79,820,4,10,4,69,34,43,1,857,103
2025,receiving,19,A.J. Brown,a-j-brown,qfhvjyssf0lwsh0kienp,78,1003,7,14,1,45,47,60.3,0,268,121
2025,receiving,20,Michael Wilson,michael-wilson,hm2b9z4zujjmbiyldh8n,78,1006,7,14,2,50,51,65.4,0,273,126
2025,receiving,21,Jahmyr Gibbs,jahmyr-gibbs,cursejnmmp1i9hnxihkj,77,616,5,7,1,42,28,36.4,0,615,94
2025,receiving,22,Juwan Johnson,juwan-johnson,ahzqkvhjot6lygwr4ccb,77,889,3,11,1,52,41,53.2,2,362,102
2025,receiving,23,DeVonta Smith,devonta-smith,k724kq3hyv7jc0y9s03x,77,1008,4,14,4,79,44,57.1,0,293,113
2025,receiving,24,Travis Kelce,travis-kelce,dpxovcfku6ud2aohgf6a,76,851,5,9,1,44,45,59.2,1,424,108
2025,receiving,25,Tyler Warren,tyler-warren,f1mfwwrr3qvnxuiackgq,76,817,4,10,1,41,42,55.3,0,474,112
2025,receiving,26,CeeDee Lamb,ceedee-lamb,mbblzwtynxr15ovzkevi,75,1077,3,16,3,74,43,57.3,0,323,117
2025,receiving,27,Jakobi Meyers,jakobi-meyers,zrs4ij8mvw7wr1uujwew,75,835,3,10,2,50,43,57.3,1,282,110
2025,receiving,28,Courtland Sutton,courtland-sutton,kqwmqcrlrwmqcvfuguhs,74,1017,7,17,2,52,52,70.3,0,222,124
2025,receiving,29,Kenny Gainwell,kenneth-gainwell,eo62l8ec8e3lzt86ihth,73,486,3,3,1,45,23,31.5,1,528,85
2025,receiving,30,Harold Fannin Jr.,harold-fannin-jr,fxublmpnxx9uggsddwik,72,731,6,8,0,35,32,44.4,0,352,107
2025,receiving,31,Deebo Samuel Sr.,deebo-samuel,ntgyhqg6hq7fanhhsqiw,72,727,5,10,1,41,32,44.4,1,466,99
2025,receiving,32,Khalil Shakir,khalil-shakir,syvp3hficobwcsim3i9v,72,719,4,8,3,54,29,40.3,1,541,95
2025,receiving,33,Nico Collins,nico-collins,fguybjrn1kwflxm5szwq,71,1117,6,18,5,57,48,67.6,1,324,120
2025,receiving,34,Tetairoa McMillan,tetairoa-mcmillan,gilgvjemumd6kpc9eiku,70,1014,7,17,3,43,55,78.6,1,269,122
2025,receiving,35,Chase Brown,chase-brown,tch3y6jlj7khvyi9jg0c,69,437,5,2,0,23,18,26.1,1,450,88
2025,receiving,36,Drake London,drake-london,mcllowcfrmmdeo4zy3g1,68,919,7,13,3,43,46,67.6,1,229,112
2025,receiving,37,De'Von Achane,devon-achane,xk1xwio0bryfxo1ylweu,67,488,4,4,0,29,23,34.3,0,552,85
2025,receiving,38,Ladd McConkey,ladd-mcconkey,q2sk7yforrkiusvruo1o,66,789,6,8,2,58,35,53,0,310,106
2025,receiving,39,Troy Franklin,troy-franklin,wgfbgxjntyqzojpizgaj,65,709,6,9,2,48,32,49.2,1,282,104
2025,receiving,40,Jameson Williams,jameson-williams,byiptqggtglvy5qrw5wp,65,1117,7,23,5,64,49,75.4,0,441,102
2025,receiving,41,Brock Bowers,brock-bowers,waorceny0ggpaeckaol8,64,680,7,8,0,38,36,56.2,0,305,86
2025,receiving,42,Jaylen Waddle,jaylen-waddle,gkh7m1jedon9mwn5jlf1,64,910,6,14,3,46,48,75,1,228,100
2025,receiving,43,Emeka Egbuka,emeka-egbuka,z224kbzs62rjuykc0vha,63,938,6,20,3,77,34,54,0,335,127
2025,receiving,44,Davante Adams,davante-adams,tdzluk4xau3arxqk9zsl,60,789,14,14,1,44,51,85,0,117,114
2025,receiving,45,Dallas Goedert,dallas-goedert,bafepstxu7vvxb9v5vua,60,591,11,7,0,36,34,56.7,0,234,82
2025,receiving,46,Hunter Henry,hunter-henry,cvlunbqgztudbhjrug7l,60,768,7,11,0,36,42,70,0,335,87
2025,receiving,47,Tee Higgins,tee-higgins,gpwtyv3viwy9q4ewderl,59,846,11,14,3,44,41,69.5,0,166,98
2025,receiving,48,DK Metcalf,d-k-metcalf,kxql4sjfelubhxawu2zh,59,850,6,15,3,80,37,62.7,0,414,99
2025,receiving,49,Cade Otton,cade-otton,yanr6h9aplae3jyzimf7,59,572,1,7,0,27,25,42.4,0,309,81
2025,receiving,50,Rashid Shaheed,rashid-shaheed,ku2naisfbxmzgagxojnm,59,687,2,6,1,87,29,49.2,1,177,92
2025,receiving,51,Josh Downs,josh-downs,z3wahaxpmc6d5lcxgh60,58,566,4,4,0,34,36,62.1,0,144,88
2025,receiving,52,Colston Loveland,colston-loveland,cnxiyi76jeahgx94nh6d,58,713,6,10,1,58,35,60.3,0,250,82
2025,receiving,53,Parker Washington,parker-washington,yn0hc5xrz5nqeccg8two,58,847,5,17,2,63,37,63.8,0,265,95
2025,receiving,54,George Kittle,george-kittle,vkicdglglkyukgyxtmpx,57,628,7,9,0,33,38,66.7,0,252,69
2025,receiving,55,Tre Tucker,tre-tucker,hazzk3hrcequzosdgzgv,57,696,5,9,1,61,32,56.1,0,291,92
2025,receiving,56,Chig Okonkwo,chigoziem-okonkwo,pzcez6pi9tpdqkmjjnzk,56,560,2,6,1,43,24,42.9,0,342,79
2025,receiving,57,Romeo Doubs,romeo-doubs,yxvzijmgwyyigljxfmyb,55,724,6,12,2,48,41,74.6,1,163,85
2025,receiving,58,Ashton Jeanty,ashton-jeanty,syspis1mntov9kgspb7r,55,346,5,3,1,60,13,23.6,1,452,73
2025,receiving,59,Jauan Jennings,jauan-jennings,ben8kbygzzlid6ltmdum,55,643,9,9,1,42,36,65.4,1,181,90
2025,receiving,60,Rashee Rice,rashee-rice,qhkbqrydjeur8zvrrmfl,53,571,5,9,2,47,28,52.8,1,414,78
2025,receiving,61,AJ Barner,aj-barner,i0esiguve9if4ts5mm1q,52,519,6,3,1,61,26,50,2,271,68
2025,receiving,62,T.J. Hockenson,t-j-hockenson,rs8o65x0u0n9xzde0fd6,51,438,3,3,0,29,22,43.1,0,219,66
2025,receiving,63,Quentin Johnston,quentin-johnston,lyvsrjh4mjb4dqwp6shm,51,735,8,13,3,60,27,52.9,1,221,84
2025,receiving,64,Evan Engram,evan-engram,nucl2dxmpvhlywhyro8o,50,461,1,4,1,41,19,38,0,302,76
2025,receiving,65,Zach Ertz,zach-ertz,xktmmeumuoglbuam75iz,50,504,4,5,0,30,25,50,1,123,72
2025,receiving,66,Jerry Jeudy,jerry-jeudy,szca1v9butuqkjs7ekpm,50,602,2,6,1,60,31,62,1,166,106
2025,receiving,67,DJ Moore,d-j-moore,lsavpxtqoqu25emwcnvy,50,682,6,12,2,46,32,64,1,222,85
2025,receiving,68,Marquise Brown,marquise-brown,shkjxggufymydgp6wk3p,49,587,5,7,3,51,29,59.2,1,190,74
2025,receiving,69,Oronde Gadsden II,oronde-gadsden-ii,r8b4oghjwhw8x9nv1wbs,49,664,3,11,2,53,28,57.1,1,221,69
2025,receiving,70,Mark Andrews,mark-andrews,u4xzz7tclch0tpzm9hhz,48,422,5,3,0,27,24,50,1,101,70
2025,receiving,71,Chimere Dike,chimere-dike,cbcpv4931dqmgsu3anvo,48,423,4,6,0,38,20,41.7,0,220,74
2025,receiving,72,Brian Thomas Jr.,brian-thomas-jr,plnekkriys4cm11rnxwl,48,707,2,11,1,46,33,68.8,0,159,91
2025,receiving,73,Luther Burden III,luther-burden-iii,iyuwdz7pbowdkwzq2tg5,47,652,2,11,2,65,27,57.4,0,334,60
2025,receiving,74,RJ Harvey,rj-harvey,szxmro5enrxlscvv67xg,47,356,5,2,0,32,18,38.3,0,360,58
2025,receiving,75,Cooper Kupp,cooper-kupp,kjixprihktsfog6wx9sq,47,593,2,8,1,67,26,55.3,1,293,70
2025,receiving,76,Alec Pierce,alec-pierce,qcg9t51wgp3hicavmkmy,47,1003,6,17,5,66,41,87.2,0,174,84
2025,receiving,77,Mack Hollins,mack-hollins,qbz7whjzsittudcecezw,46,550,2,8,1,54,28,60.9,1,108,65
2025,receiving,78,Brenton Strange,brenton-strange,devxzxwf1sfficgncggm,46,540,3,9,0,30,28,60.9,0,247,60
2025,receiving,79,Jonathan Taylor,jonathan-taylor,yw46ky6akdm7h7siofu8,46,378,2,3,1,43,15,32.6,1,434,55
2025,receiving,80,Malik Washington,malik-washington,dmaiwnmaal9nrwfskl28,46,317,3,2,0,28,16,34.8,0,253,65
2025,receiving,81,Theo Johnson,theo-johnson,fv2jbzlocr1o3ahkru43,45,528,5,8,2,42,25,55.6,0,187,74
2025,receiving,82,Tyjae Spears,tyjae-spears,pkly3nkohty1tuijtwty,45,264,0,3,0,34,10,22.2,0,361,50
2025,receiving,83,Gunnar Helm,gunnar-helm,hewm6ztgka7xkbl6ybvb,44,357,2,2,0,34,17,38.6,0,159,55
2025,receiving,84,Rome Odunze,rome-odunze,niewdl2p2325kpohbw9v,44,661,6,13,0,37,37,84.1,0,214,90
2025,receiving,85,Mason Taylor,mason-taylor,xittx9gih104lw1atfiv,44,369,1,2,0,27,23,52.3,0,133,65
2025,receiving,86,Colby Parkinson,colby-parkinson,qsyrgtfjj06wryahnxc9,43,408,8,4,0,26,24,55.8,1,271,56
2025,receiving,87,Jordan Addison,jordan-addison,mi4lzk9gvjrvo6rwdf1e,42,610,3,11,2,81,26,61.9,0,139,79
2025,receiving,88,Xavier Worthy,xavier-worthy,u6fmnffwteccoxn3uguq,42,532,1,9,1,42,22,52.4,0,193,73
2025,receiving,89,Elic Ayomanor,elic-ayomanor,jjmscqt6v4ecasveugoh,41,515,4,8,0,39,30,73.2,0,115,89
2025,receiving,90,Pat Freiermuth,pat-freiermuth,pyrdsypgggjshiaygkr7,41,486,4,6,1,68,21,51.2,0,255,54
2025,receiving,91,Marvin Harrison Jr.,marvin-harrison-jr,hwpoo1icpnh8emjvqaii,41,608,4,9,2,45,30,73.2,0,119,73
2025,receiving,92,Jayden Higgins,jayden-higgins,s3zuo0ysm9ncxr9o4420,41,525,6,5,1,75,28,68.3,0,123,68
2025,receiving,93,Ryan Flournoy,ryan-flournoy,tqwq3cgpqu7j9hzoyicx,40,475,4,5,3,46,29,72.5,0,204,56
2025,receiving,94,Sam LaPorta,sam-laporta,wxlk7ysg2nfq6h6ntdcu,40,489,3,6,1,40,23,57.5,0,274,49
2025,receiving,95,Jaylen Warren,jaylen-warren,dkiteytgnxar1mpaxcxv,40,333,2,2,1,65,13,32.5,0,439,45
2025,receiving,96,Rachaad White,rachaad-white,wtdhs50gcl2p6vngsnre,40,218,0,0,0,18,10,25,0,329,45
2025,receiving,97,Rico Dowdle,rico-dowdle,mx2bxccuzmdvzbksypws,39,297,1,3,0,36,14,35.9,0,350,50
2025,receiving,98,Dalton Kincaid,dalton-kincaid,z7k857flehljboaixj8m,39,571,5,13,1,47,27,69.2,1,259,49
2025,receiving,99,Sterling Shepard,sterling-shepard,l47czwi8aaznnit0se5h,39,371,1,5,0,36,18,46.2,1,149,53
2025,receiving,100,Olamide Zaccheaus,olamide-zaccheaus-x1231,zsnzd30ysrewgufbv06y,39,313,2,1,0,27,15,38.5,0,138,65
2025,receiving,101,Keon Coleman,keon-coleman,cm7g87waetksjouyjgvg,38,404,4,5,0,37,25,65.8,1,88,59
2025,receiving,102,Terry McLaurin,terry-mclaurin,tmfl2zruajmkrtcg4zxp,38,582,3,7,3,56,33,86.8,0,93,60
2025,receiving,103,Jonnu Smith,jonnu-smith,egd6llghj3n5wfdrqacw,38,222,2,1,0,21,10,26.3,1,179,54
2025,receiving,104,Saquon Barkley,saquon-barkley,qcayrzjpura2zydszonh,37,273,2,2,2,47,11,29.7,1,296,50
2025,receiving,105,Kendrick Bourne,kendrick-bourne,yzfa94cmhpcqamrwzdzk,37,551,0,5,2,56,27,73,0,165,53
2025,receiving,106,Marvin Mims Jr.,marvin-mims-jr,zbdjtph5xplbf4yocz0l,37,322,1,6,0,31,14,37.8,0,231,51
2025,receiving,107,Darius Slayton,darius-slayton,otksyfjll5waf0vsczeu,37,538,1,7,1,52,23,62.2,1,198,63
2025,receiving,108,Travis Etienne,travis-etienne,pwko5dybmjie8qqo4qz2,36,292,6,2,1,45,14,38.9,0,339,52
2025,receiving,109,Breece Hall,breece-hall,i01xtqbfajfq68lb6orh,36,350,1,4,2,42,13,36.1,0,321,48
2025,receiving,110,Josh Jacobs,josh-jacobs-x3315,uceokxeo0uqrqms3e3vl,36,282,1,4,0,31,8,22.2,0,304,44
2025,receiving,111,Dawson Knox,dawson-knox,k8bi9ppahwfmoxs8ij4w,36,417,4,5,0,32,23,63.9,0,183,49
2025,receiving,112,Ricky Pearsall,ricky-pearsall,rrv2qhkjqagb8ibzwakv,36,528,0,9,1,45,27,75,0,74,53
2025,receiving,113,Tyrone Tracy Jr.,tyrone-tracy-jr,b9nje50lohbprf06xoom,36,288,2,4,1,42,14,38.9,1,314,48
2025,receiving,114,Kyren Williams,kyren-williams,xti3pek6rmojqchakxpy,36,281,3,2,0,30,12,33.3,0,155,50
2025,receiving,115,Garrett Wilson,garrett-wilson,upxwxmhdd8xluztgqwhe,36,395,4,4,0,33,18,50,1,100,59
2025,receiving,116,TreVeyon Henderson,treveyon-henderson,ebcjvwytgu2y4kqm8ihv,35,221,1,0,0,19,7,20,0,244,42
2025,receiving,117,Xavier Hutchinson,xavier-hutchinson,n5baiu6sg9wh3xhhewkd,35,428,3,7,0,33,19,54.3,0,146,57
2025,receiving,118,Xavier Legette,xavier-legette,yoyxkitrdqbkhyqncy5p,35,363,3,7,0,36,18,51.4,1,75,64
2025,receiving,119,Michael Mayer,michael-mayer,twnkr9uq1phvukxb5jmh,35,328,1,3,0,23,18,51.4,1,196,50
2025,receiving,120,Christian Watson,christian-watson,tumeg4d32sirkab2xzu5,35,611,6,11,3,52,28,80,0,118,55
2025,receiving,121,Javonte Williams,javonte-williams,xvwroirev2kie6oiphtz,35,137,2,0,0,14,7,20,1,206,51
2025,receiving,122,Noah Fant,noah-fant-x4946,lijnonbrcmplvkcb5kqv,34,288,3,3,0,25,13,38.2,3,174,41
2025,receiving,123,D'Andre Swift,d-andre-swift,owpmwzoilitcodc6cmxo,34,299,1,3,2,55,12,35.3,0,357,48
2025,receiving,124,Jake Tonges,jake-tonges,z6goxhdhfc2m0rmwvtbl,34,293,5,2,0,23,21,61.8,0,143,46
2025,receiving,125,Kayshon Boutte,kayshon-boutte,mg4icjqhwhnc5uobmau5,33,551,6,10,0,39,27,81.8,0,38,46
2025,receiving,126,Michael Carter,michael-carter-3,cwqrxzouk4gkhfziyqre,33,267,0,0,0,18,12,36.4,0,257,45
2025,receiving,127,Jalen Coker,jalen-coker,yynz8rxen6tsvhojggiv,33,394,3,6,0,34,22,66.7,1,102,43
2025,receiving,128,James Cook,james-cook,anjbznqb9i21wzcgrtbs,33,291,2,4,1,51,11,33.3,0,272,40
2025,receiving,129,Chris Godwin Jr.,chris-godwin,ilkheljdx4hbjpisulke,33,360,2,5,1,59,21,63.6,0,206,51
2025,receiving,130,Andrei Iosivas,andrei-iosivas,xhrvbt81iohroyftuyj2,33,435,2,7,0,37,24,72.7,0,103,58
2025,receiving,131,Alvin Kamara,alvin-kamara,yxebpuskandivlh2iil4,33,186,0,2,0,26,7,21.2,1,202,39
2025,receiving,132,John Metchie III,john-metchie,nsjpnskeldxzbzckpfgg,33,274,2,1,0,22,15,45.4,0,140,48
2025,receiving,133,Adonai Mitchell,adonai-mitchell,hwwacoa3pqapd7pgahfx,33,453,2,6,2,75,15,45.4,1,80,74
2025,receiving,134,David Njoku,david-njoku,y4g1iayqrbrhdvkqywpx,33,293,4,2,0,23,11,33.3,0,160,48
2025,receiving,135,Tony Pollard,tony-pollard,mb2xdrqiys6ktlcuah2n,33,206,0,1,0,29,11,33.3,1,203,41
2025,receiving,136,Dylan Sampson,dylan-sampson,den1hzzomdxfcsgk88o5,33,271,2,2,1,66,8,24.2,1,318,40
2025,receiving,137,JuJu Smith-Schuster,juju-smith-schuster,fmjrhk2zt9z22uifctv0,33,345,1,3,0,30,19,57.6,0,191,45
2025,receiving,138,Omarion Hampton,omarion-hampton,lf2jxvxnbexlinoydbej,32,192,1,1,0,22,7,21.9,1,245,35
2025,receiving,139,Tucker Kraft,tucker-kraft,n6vu44jbq31rydoaadaq,32,489,6,6,2,59,22,68.8,0,344,44
2025,receiving,140,Tyler Lockett,tyler-lockett,gyhvviyep9iigeaobxmi,32,291,1,2,0,33,14,43.8,0,79,55
2025,receiving,141,Darnell Mooney,darnell-mooney,eaejonwaflt9drrs9ika,32,443,1,5,1,49,25,78.1,2,73,72
2025,receiving,142,Rhamondre Stevenson,rhamondre-stevenson,zmpuirvuw4r04inxth5i,32,345,2,5,1,55,11,34.4,1,263,37
2025,receiving,143,Calvin Austin III,calvin-austin-iii,qlt6ztqcbu0uzad6aavt,31,372,3,5,0,31,15,48.4,0,128,55
2025,receiving,144,Pat Bryant,pat-bryant,n91hznzkfpftxhqt1qd9,31,378,1,4,2,48,22,71,0,147,49
2025,receiving,145,DeMario Douglas,demario-douglas,cm9vnzqu5phlmsocjwgc,31,447,3,7,3,58,17,54.8,0,214,46
2025,receiving,146,Kenneth Walker III,kenneth-walker-iii,vk6nruaqdewdglofcwwg,31,282,0,5,1,46,12,38.7,1,339,36
2025,receiving,147,Darnell Washington,darnell-washington,inwx7uipfktapaump5pj,31,364,1,3,0,36,16,51.6,2,229,43
2025,receiving,148,Mike Evans,mike-evans,zc4ujpmndyxrbiyyjomz,30,368,3,5,1,45,23,76.7,0,37,62
2025,receiving,149,Tre Harris,tre-harris,v5ofh8jggzo8rygtpwl7,30,324,1,3,0,37,18,60,0,139,43
2025,receiving,150,Elijah Higgins,elijah-higgins,qgvtaa0gekopg4ad6vqe,30,301,0,4,0,27,15,50,1,209,37
2025,receiving,151,Chuba Hubbard,chuba-hubbard,rzsvnt0pxsaize2ndhxm,30,223,3,3,0,35,12,40,0,291,39
2025,receiving,152,Bucky Irving,bucky-irving,vkc00rvnix3f2b96vkwo,30,277,3,5,1,72,11,36.7,0,360,35
2025,receiving,153,Cole Kmet,cole-kmet,ysnui8mzlu2fo70ub0yt,30,347,2,5,0,31,17,56.7,0,149,48
2025,receiving,154,Dontayvion Wicks,dontayvion-wicks,v1lt8kpvkn0qw5elyaoz,30,332,2,3,0,30,21,70,0,67,46
2025,receiving,155,Greg Dortch,greg-dortch,pylafoddjiqh4rhjlhpf,29,206,3,1,0,39,10,34.5,0,194,33
2025,receiving,156,Matthew Golden,matthew-golden,dbjki6b0swksr7mk17wk,29,361,0,7,1,46,16,55.2,0,101,44
2025,receiving,157,Van Jefferson,van-jefferson,inwxk1xlvzculj8m3pah,29,350,1,6,1,43,17,58.6,0,83,52
2025,receiving,158,Jalen Nailor,jalen-nailor,nojopyt8hxuwycxyaokb,29,444,4,9,1,62,23,79.3,0,112,53
2025,receiving,159,Ja'Tavion Sanders,ja-tavion-sanders,le2akm1cbou170ioctxl,29,190,1,0,0,18,8,27.6,0,86,34
2025,receiving,160,Mike Gesicki,mike-gesicki,dykckg6we3cnw9yhpggi,28,307,2,2,0,37,19,67.9,0,63,42
2025,receiving,161,Travis Hunter,travis-hunter,absw1gfqoiztajjagmf6,28,298,1,5,1,44,12,42.9,1,140,45
2025,receiving,162,Tez Johnson,tez-johnson,ajbnpagviw0glrhf5a2e,28,322,5,3,1,45,16,57.1,0,110,44
2025,receiving,163,Aaron Jones,aaron-jones,bktkfvgfwujkdbzkcfim,28,199,1,1,0,27,9,32.1,2,227,41
2025,receiving,164,Christian Kirk,christian-kirk,ffp75mtwnqgrv0qz0txz,28,239,1,3,1,47,12,42.9,0,115,52
2025,receiving,165,Isaiah Likely,isaiah-likely,b1pahldt9ixp9lssxi2d,27,307,1,4,1,43,11,40.7,2,117,36
2025,receiving,166,Tommy Tremble,tommy-tremble,t7wjikfv09d3o1q7wjdx,27,249,2,1,1,54,10,37,0,164,37
2025,receiving,167,Greg Dulcich,greg-dulcich,kw4cwgjl4kywh6le4sfh,26,335,1,7,0,29,14,53.8,1,199,33
2025,receiving,168,Jerome Ford,jerome-ford,rntmoum7ncnyo5j2bdei,26,103,0,0,0,17,4,15.4,0,154,32
2025,receiving,169,Quinshon Judkins,quinshon-judkins,ojtce2im0wp2ltyel0vc,26,171,0,1,1,58,7,26.9,0,194,36
2025,receiving,170,Jaylin Noel,jaylin-noel,ehlm8w4afdqoisx1e6as,26,292,2,6,2,44,13,50,0,99,35
2025,receiving,171,KaVontae Turpin,kavontae-turpin,tayjlp1hgmm6rewgl1k4,26,396,2,5,2,86,16,61.5,0,214,38
2025,receiving,172,Isaiah Williams,isaiah-williams-3,rj2etltwzmlxyz1cfkeo,26,193,0,1,0,25,10,38.5,0,119,36
2025,receiving,173,Tyler Higbee,tyler-higbee,x1d4osiefibd04df6gow,25,281,3,6,0,24,17,68,0,140,36
2025,receiving,174,Jeremy McNichols,jeremy-mcnichols,xcrgrtlk6ukrshtlnr5e,25,196,0,1,0,24,10,40,0,222,31
2025,receiving,175,Brashard Smith,brashard-smith,xnf4x6b9a2yunsc0gaej,25,172,1,0,0,17,7,28,0,232,35
2025,receiving,176,Devaughn Vele,devaughn-vele,fa3dwsu8nxzkbf2knczm,25,293,2,0,0,17,19,76,0,34,39
2025,receiving,177,Davis Allen,davis-allen,iweydtcrfchsl3mt6jtd,24,208,3,2,0,27,12,50,0,137,33
2025,receiving,178,Brandin Cooks,brandin-cooks,krz3gv9jjs92arlctvqf,24,279,0,4,1,50,14,58.3,0,43,36
2025,receiving,179,Ty Johnson,ty-johnson-x3152,zruhihypizhtgpvsaj3c,24,263,2,3,1,52,13,54.2,1,301,33
2025,receiving,180,Kyle Juszczyk,kyle-juszczyk,tsejiiddtouukwyyqr9q,24,213,2,3,0,25,10,41.7,0,109,28
2025,receiving,181,Woody Marks,woody-marks,y5ntpcenhhhv98uz2fys,24,208,3,3,1,50,7,29.2,0,223,36
2025,receiving,182,David Montgomery,david-montgomery,csz0c9roa4pqsccothxg,24,192,0,1,0,23,11,45.8,0,199,29
2025,receiving,183,Luke Musgrave,luke-musgrave,jchchyfhiycpvm5zzn2y,24,252,0,5,0,26,11,45.8,1,69,31
2025,receiving,184,Kalif Raymond,kalif-raymond,dpdv6dm0almcbjdppizx,24,289,1,4,0,30,14,58.3,0,157,30
2025,receiving,185,Cam Skattebo,cam-skattebo,hlggiqdfvj1f4kntkafr,24,207,2,1,0,21,11,45.8,0,209,32
2025,receiving,186,Darren Waller,darren-waller,loyehiyzcu2lexjk7plq,24,283,6,5,0,34,19,79.2,0,73,34
2025,receiving,187,Jeremy Ruckert,jeremy-ruckert,bcqcta7r1uee3rqhejdh,23,179,1,1,0,24,8,34.8,0,99,29
2025,receiving,188,DeAndre Hopkins,deandre-hopkins,snvo6holyfdjmrlqxqxu,22,330,2,5,1,41,15,68.2,0,65,39
2025,receiving,189,Bam Knight,bam-knight,mjxnlzlnnwlfqayeybut,22,160,1,1,0,20,10,45.4,0,151,31
2025,receiving,190,Josh Palmer,josh-palmer,woswdfrtxnsfgzsjvsxx,22,303,0,4,1,45,13,59.1,0,54,37
2025,receiving,191,Demarcus Robinson,demarcus-robinson,cokassoz2z7hb4wk2krh,22,276,1,5,0,31,15,68.2,0,36,35
2025,receiving,192,Isaiah Davis,isaiah-davis,x6r9a5xhtaklbvnqmtw7,21,186,0,2,0,26,8,38.1,0,189,28
2025,receiving,193,Noah Gray,noah-gray,bpmlguml8jth2rbdfyp5,21,178,0,1,0,28,9,42.9,0,107,37
2025,receiving,194,Justice Hill,justice-hill,fuodbrwvianete2gy5ag,21,169,1,1,0,37,6,28.6,0,184,27
2025,receiving,195,Tyreek Hill,tyreek-hill,gg73gnfivrn80oyqwazl,21,265,1,4,1,47,17,81,0,57,29
2025,receiving,196,Austin Hooper,austin-hooper,dd0j9ccd8fxokl48alzg,21,263,2,6,0,31,13,61.9,0,86,26
2025,receiving,197,Cedric Tillman,cedric-tillman-2,xust9v3gob1qqwhziugh,21,270,2,6,1,42,13,61.9,0,62,39
2025,receiving,198,Jack Bech,jack-bech,feplgtl0x1svqen9szwv,20,224,0,2,0,37,11,55,0,68,29
2025,receiving,199,Dyami Brown,dyami-brown,addv9eheok1jj7amfkpb,20,227,1,2,0,39,13,65,0,31,37
2025,receiving,200,Zach Charbonnet,zach-charbonnet,cuuyog0lpxfaj0y0huvp,20,144,0,1,0,21,7,35,0,123,24
2025,receiving,201,Adam Trautman,adam-trautman,bqsgkwkfolczyrxmdp1j,20,195,1,3,0,26,11,55,0,104,23
2025,receiving,202,Tyler Badie,tyler-badie,ghhul5piv9vzeih6atsj,19,141,0,0,0,19,9,47.4,0,210,31
2025,receiving,203,Rashod Bateman,rashod-bateman,gtktmsfcxc1eijwpwzyq,19,224,2,3,0,36,12,63.2,0,39,38
2025,receiving,204,Daniel Bellinger,daniel-bellinger,nvabdu88h2cvroeygabo,19,286,2,4,1,44,14,73.7,0,132,26
2025,receiving,205,Mitchell Evans,mitchell-evans,yruhsxdnyfaa7iswn1dp,19,171,2,2,0,25,9,47.4,0,108,25
2025,receiving,206,Tanner Hudson,tanner-hudson,pyl2bpjw0vy4idcseama,19,168,2,1,0,33,8,42.1,0,83,24
2025,receiving,207,Isiah Pacheco,isiah-pacheco,hkqb4imkum3vxxkwuetl,19,101,1,1,0,31,4,21,0,121,26
2025,receiving,208,Jayden Reed,jayden-reed,uhb95fij1uo92ymqxpmg,19,207,1,4,0,31,8,42.1,0,85,22
2025,receiving,209,Adam Thielen,adam-thielen,pv6gajxtt6zhum2unnsl,19,186,0,1,0,28,10,52.6,0,44,35
2025,receiving,210,Tyquan Thornton,tyquan-thornton,bjqzuempyiwxe0hl7e5a,19,438,3,11,2,61,15,79,0,59,37
2025,receiving,211,Isaiah Bond,isaiah-bond,piv889pkizjvgrtpfkxm,18,338,0,6,3,52,12,66.7,0,79,44
2025,receiving,212,Jahan Dotson,jahan-dotson,gwuibfw7ljxudxtldcvh,18,262,1,4,2,51,10,55.6,0,50,36
2025,receiving,213,Kareem Hunt,kareem-hunt,hktvzf8hiupoycyg1kmc,18,143,1,1,0,22,8,44.4,0,153,25
2025,receiving,214,Kyle Monangai,kyle-monangai,bkkk3uuouhcobydqawro,18,164,0,2,0,34,7,38.9,0,162,30
2025,receiving,215,Malik Nabers,malik-nabers,w3edoyyuomqlovvp9ixc,18,271,2,5,1,48,11,61.1,0,52,35
2025,receiving,216,David Sills,david-sills,g0jd9yaq2yhw05ktamlh,18,191,2,3,0,21,9,50,0,56,36
2025,receiving,217,Devin Singletary,devin-singletary,xy2r2msxjqneml2c1cdc,18,151,0,2,1,41,4,22.2,0,162,19
2025,receiving,218,Xavier Smith,xavier-smith,hqvwpitewijx8bjrcofe,18,303,0,5,2,51,11,61.1,0,107,24
2025,receiving,219,Jalen Tolbert,jalen-tolbert,dthrzudnyh1mcrh1det2,18,203,1,2,0,35,12,66.7,0,46,34
2025,receiving,220,Jordan Whittington,jordan-whittington,enqcg1lgjkuk0hqz3qjc,18,171,0,2,1,40,7,38.9,0,88,25
2025,receiving,221,Devin Neal,devin-neal,set0xwgpkp0k3bofcpzn,17,104,0,0,0,18,4,23.5,0,138,19
2025,receiving,222,Samaje Perine,samaje-perine,fllwhcdovol5i7xxahf6,17,87,0,0,0,16,5,29.4,0,109,21
2025,receiving,223,Calvin Ridley,calvin-ridley,zrv8bjm7zdtboyka2jvr,17,303,0,7,1,47,13,76.5,0,84,36
2025,receiving,224,Ameer Abdullah,ameer-abdullah,k8teyeiqchljlm0h5te4,16,99,0,0,0,15,4,25,0,105,17
2025,receiving,225,Jackson Hawes,jackson-hawes,gl3easmpg7rn6e5siya2,16,187,3,2,0,29,13,81.2,0,91,19
2025,receiving,226,Jaylin Lane,jaylin-lane,fa5ufxqxs3hzioih3cfb,16,225,0,3,1,41,10,62.5,0,39,32
2025,receiving,227,Isaac TeSlaa,isaac-teslaa,ducfhbiy2a8loytcjymn,16,239,6,3,0,29,14,87.5,0,55,27
2025,receiving,228,Kimani Vidal,kimani-vidal,tqdctdun0bv60d5ziwtl,16,136,1,1,1,60,6,37.5,0,170,22
2025,receiving,229,Elijah Arroyo,elijah-arroyo,m5rdyemjoxl4cuz9yun8,15,179,1,4,0,32,7,46.7,1,78,26
2025,receiving,230,Derrick Henry,derrick-henry,tm79x0iknqg6hms3ypyt,15,150,0,1,1,44,4,26.7,0,135,21
2025,receiving,231,Julian Hill,julian-hill,idjirwpxilfybc74zhwr,15,140,0,1,0,20,6,40,0,111,20
2025,receiving,232,Josh Oliver,josh-oliver,awdb5xedlbq0ebpptgzb,15,160,4,2,0,32,9,60,0,102,19
2025,receiving,233,Tim Patrick,tim-patrick,hw06t7n00cfpt7euljza,15,187,3,4,0,37,10,66.7,0,54,24
2025,receiving,234,Hunter Renfrow,hunter-renfrow,sgrqk1a6fm34swazm2bx,15,89,2,0,0,15,8,53.3,0,24,26
2025,receiving,235,Drew Sample,drew-sample,mmxrr2k7gdfowqpyxtr7,15,106,1,1,0,27,5,33.3,0,109,20
2025,receiving,236,Tyrell Shavers,tyrell-shavers,r9nabownt8mbqlj730su,15,245,1,6,1,43,10,66.7,0,64,23
2025,receiving,237,Emanuel Wilson,emanuel-wilson,uorruvczsxzvffpbxu8z,15,99,0,1,0,25,5,33.3,1,133,17
2025,receiving,238,Tyler Allgeier,tyler-allgeier,sp9lhhmpv4qy3xy2msxd,14,96,0,2,0,31,3,21.4,0,120,16
2025,receiving,239,Jordan Mason,jordan-mason,qeeucinnxl8mpzaw23hc,14,51,0,0,0,13,1,7.1,1,102,16
2025,receiving,240,Luke Schoonmaker,luke-schoonmaker,g1slhy5joxxfeudlzrh9,14,132,0,1,0,29,7,50,0,82,23
2025,receiving,241,Zavier Scott,zavier-scott,z8sqpgdoyuv5rask15vn,14,98,1,1,0,20,7,50,0,105,16
2025,receiving,242,Brycen Tremayne,brycen-tremayne,isc094ihkf69vzrlkiql,14,160,0,3,0,26,7,50,1,58,18
2025,receiving,243,Marquez Valdes-Scantling,marquez-valdes-scantling,xkdli55uvkkffiq6fwnu,14,120,1,0,0,19,6,42.9,1,28,29
2025,receiving,244,Brock Wright,brock-wright,ghmaeofuj87fm97yhvcp,14,108,2,1,0,20,7,50,0,86,22
2025,receiving,245,Mo Alie-Cox,mo-alie-cox,ivdxijcqlhfwsydxh6ox,13,117,1,1,0,20,4,30.8,0,77,20
2025,receiving,246,Kevin Austin Jr.,kevin-austin-jr,fh2yaqaxkornxeb7d9ie,13,140,1,1,0,36,7,53.8,0,56,23
2025,receiving,247,Trey Benson,trey-benson,liruc5jotnsi4ue9p9yx,13,64,0,0,0,12,2,15.4,0,73,16
2025,receiving,248,Chris Brooks,christopher-brooks,ityat7ltppdxe9t0imjd,13,91,0,0,0,16,3,23.1,0,106,17
2025,receiving,249,Nick Chubb,nick-chubb,h5y74trx6l8ivpkbmrkt,13,67,0,1,0,27,1,7.7,0,63,20
2025,receiving,250,Emari Demercado,emari-demercado,wu0sm9ttr4aiugi9fquf,13,101,1,2,0,34,3,23.1,0,84,20
2025,receiving,251,Tory Horton,tory-horton,lmsun4qzmk1rkgt4kw76,13,161,5,3,0,25,7,53.8,0,33,22
2025,receiving,252,Lil'Jordan Humphrey,lil-jordan-humphrey,otxrvkflhixz9akhmfqq,13,156,1,2,0,34,9,69.2,0,29,25
2025,receiving,253,Hunter Luepke,hunter-luepke,m28qafff4o5vb3aaumiv,13,109,1,0,0,15,6,46.2,0,119,15
2025,receiving,254,Ian Thomas,ian-thomas,gvpwnq0mjefjlekgzxro,13,114,0,1,0,20,5,38.5,0,72,13
2025,receiving,255,Gabe Davis,gabe-davis,rlmgjtfct5qjtbwcjqg6,12,129,1,2,0,22,8,66.7,0,30,18
2025,receiving,256,Audric Estimé,audric-estime,lcoend1mysjfhl8f4rrt,12,103,0,0,0,19,3,25,0,108,13
2025,receiving,257,John FitzPatrick,john-fitzpatrick,kopyksw2p51nivtldayc,12,72,1,0,0,11,4,33.3,0,57,15
2025,receiving,258,Tyler Johnson,tyler-johnson,wvdkhxotikdvohhaypee,12,197,1,5,0,35,8,66.7,0,64,18
2025,receiving,259,Zay Jones,zay-jones,qihjjzfk0vwzoyrzztkq,12,183,0,4,1,43,7,58.3,0,36,18
2025,receiving,260,Hunter Long,hunter-long,wlj6sdfj5qcy8bt2qyxb,12,85,2,0,0,11,5,41.7,1,31,17
2025,receiving,261,Jalen McMillan,jalen-mcmillan,s8tlj5wsi6cq8kjhp06v,12,178,0,2,0,33,8,66.7,0,59,15
2025,receiving,262,Raheem Mostert,raheem-mostert,fas5rkweusx2hl7abtzh,12,70,0,0,0,18,6,50,0,86,12
2025,receiving,263,Cade Stover,cade-stover,ur3ihcg0rkeqbfiksj5y,12,76,0,0,0,11,4,33.3,0,52,16
2025,receiving,264,Roman Wilson,roman-wilson,xuhjoscmhmmsutbvfmrs,12,166,2,3,1,45,7,58.3,1,66,21
2025,receiving,265,John Bates,john-bates,sqaiwpind6kk4ns4acql,11,103,1,1,0,22,6,54.6,0,68,16
2025,receiving,266,Malachi Corley,malachi-corley,lay1p8pvwrglmqorc6ev,11,79,0,0,0,19,4,36.4,0,68,14
2025,receiving,267,Will Dissly,will-dissly,b2s1wwxsgkenwlxmncu3,11,97,0,0,0,18,5,45.4,0,66,16
2025,receiving,268,J.K. Dobbins,j-k-dobbins,cevotvl3ho5h1mioruyg,11,37,0,0,0,9,0,0,0,56,14
2025,receiving,269,Luke Farrell,luke-farrell,kdq2zratulrdsv4ykugy,11,85,2,0,0,11,6,54.6,1,52,14
2025,receiving,270,Terrance Ferguson,terrance-ferguson-2,w5o0s5yf6j5dsmiwdtfg,11,231,3,7,0,36,9,81.8,0,40,25
2025,receiving,271,Taysom Hill,taysom-hill,q8itjlocg5do60qat4l3,11,91,0,0,0,17,2,18.2,0,86,16
2025,receiving,272,Jimmy Horn Jr.,jimmy-horn-jr,gggcgfbghcft0xwxtrhk,11,108,0,1,0,34,4,36.4,0,71,15
2025,receiving,273,Luke McCaffrey,luke-mccaffrey,xtxiwlkniuldrqg65n3q,11,203,3,3,2,50,6,54.6,0,69,15
2025,receiving,274,Chris Moore,chris-moore,o0s29hnpztyxqotqdx8h,11,207,1,3,1,44,10,90.9,0,53,23
2025,receiving,275,Josh Reynolds,josh-reynolds,lf1fjsagcsvxmktl0bbn,11,101,0,0,0,13,4,36.4,0,14,21
2025,receiving,276,Ben Sinnott,ben-sinnott,ilkrv6dqajndnlsbmv8f,11,114,1,2,0,36,5,45.4,0,63,13
2025,receiving,277,Mason Tipton,mason-tipton,jcloxjivlxbcveled5lr,11,76,0,0,0,12,4,36.4,0,37,17
2025,receiving,278,Nick Westbrook-Ikhine,nick-westbrook-ikhine,cyczwxlgfksrmurbb1ez,11,89,0,0,0,18,8,72.7,0,28,20
2025,receiving,279,LeQuint Allen Jr.,lequint-allen,i0utigksuuvo2njb9wtk,10,54,0,0,0,10,0,0,0,61,11
2025,receiving,280,Treylon Burks,treylon-burks,bmozbzdxgnnwdniuvgnn,10,130,1,2,0,37,7,70,0,34,22
2025,receiving,281,Ray Davis,ray-davis-2,xibwzhrl6q5xkgh3utug,10,86,2,1,0,21,7,70,0,99,13
2025,receiving,282,Isaiah Hodgins,isaiah-hodgins,ywbemecs6xa8bsm3h7bb,10,115,1,2,0,30,6,60,0,17,19
2025,receiving,283,Charlie Kolar,charlie-kolar,g75ws8vkqz9cqwifhcy7,10,142,2,2,0,23,9,90,0,52,15
2025,receiving,284,Allen Lazard,allen-lazard,b05f33npu1zjtpozfgdk,10,70,1,0,0,10,4,40,0,33,18
2025,receiving,285,Konata Mumpfield,konata-mumpfield,cehkowkvb4aujslmppbj,10,92,1,0,0,19,7,70,0,25,23
2025,receiving,286,Dare Ogunbowale,dare-ogunbowale,bsm0k0jkytuiej2riudv,10,76,0,0,0,18,3,30,1,56,13
2025,receiving,287,Gunner Olszewski,gunner-olszewski,q6fs5e2eotgeh47xeo74,10,145,1,3,0,28,7,70,0,74,13
2025,receiving,288,Dont'e Thornton Jr.,dont-e-thornton-jr,hlxztd3lpjaxtzojuxwh,10,135,0,3,0,36,7,70,0,38,30
2025,receiving,289,Jamari Thrash,jamari-thrash,byihyhwwpltzyetas85a,10,107,0,3,0,23,5,50,0,39,15
2025,receiving,290,Bhayshul Tuten,bhayshul-tuten,ryjnphuyjbedmgpx5qqj,10,79,2,1,0,24,3,30,0,80,14
2025,receiving,291,Kyle Williams,kyle-williams-5,xkicyhizq6sm86wr5osk,10,209,3,3,1,72,7,70,0,79,21
2025,receiving,292,Savion Williams,savion-williams,snmedlu4ra62snufe1qg,10,78,1,1,0,33,3,30,0,61,10
2025,receiving,293,Rasheen Ali,rasheen-ali,zwjrkzu3ia3cfrwgotqt,9,68,1,1,0,30,2,22.2,0,83,11
2025,receiving,294,Grant Calcaterra,grant-calcaterra,inpyxw55sxo96shrt4si,9,76,1,0,0,16,4,44.4,0,31,13
2025,receiving,295,Tanner Conner,tanner-conner,hya7vfgtuyx5k4tnhmic,9,91,0,1,0,28,3,33.3,0,39,15
2025,receiving,296,Darius Cooper,darius-cooper,pe71oe4eoyyfnq80fkxc,9,92,0,0,0,19,6,66.7,0,22,11
2025,receiving,297,Jacory Croskey-Merritt,jacory-croskey-merritt,qew4qhlj4yuf50voko61,9,68,0,1,0,28,3,33.3,0,77,13
2025,receiving,298,Scott Miller,scott-miller,mlx2xhjvzt6pqwgoloqa,9,62,0,0,0,15,4,44.4,0,31,14
2025,receiving,299,Keaton Mitchell,keaton-mitchell,ztciwwpbyaffmckwrzdk,9,63,0,0,0,17,2,22.2,0,85,12
2025,receiving,300,Elijah Moore,elijah-moore,wax90oyx9vs0x9j4nt5n,9,112,0,3,0,31,4,44.4,0,58,17
2025,receiving,301,Johnny Mundt,johnny-mundt,gbsnomwbzavt5124vvaz,9,111,0,1,0,21,6,66.7,0,76,19
2025,receiving,302,Dante Pettis,dante-pettis,xz70t2ahl2ak2q9mqtia,9,127,0,3,0,32,4,44.4,1,86,11
2025,receiving,303,Will Shipley,will-shipley,pvpaepncsdfgzdubkuhg,9,56,0,0,0,12,2,22.2,0,63,12
2025,receiving,304,Brevyn Spann-Ford,brevyn-spann-ford,sko2pmuqociwa92ep1ad,9,90,1,2,0,31,4,44.4,0,33,13
2025,receiving,305,James Conner,james-conner,ka8wlhtteg8hsowsdofk,8,38,1,0,0,18,4,50,0,68,9
2025,receiving,306,Blake Corum,blake-corum,axzqbqjkrbwfzodwwakq,8,36,0,0,0,14,2,25,0,37,14
2025,receiving,307,Anthony Firkser,anthony-firkser,yv02g8nrwb3954zdud0k,8,53,0,0,0,18,4,50,0,12,10
2025,receiving,308,Alec Ingold,alec-ingold-x8122,saqgxmq3xrr68byket0r,8,52,0,1,0,22,4,50,0,45,11
2025,receiving,309,Brian Robinson,brian-robinson,n1xhex1ytisxcbcggqu7,8,25,0,0,0,6,1,12.5,0,35,12
2025,receiving,310,Miles Sanders,miles-sanders,niyjjkzmxjmesftgjs8y,8,30,0,0,0,9,0,0,0,44,8
2025,receiving,311,Mitchell Tinsley,mitchell-tinsley,t4h8qtzndtvf6is6naew,8,116,2,1,0,27,6,75,0,16,24
2025,receiving,312,Sean Tucker,sean-tucker,wiarwjvy8p6bojlratp4,8,34,1,1,0,28,1,12.5,0,49,11
2025,receiving,313,Trayveon Williams,trayveon-williams,zwei0idpruplnhlmpfkr,8,55,0,1,0,26,2,25,0,83,9
2025,receiving,314,Charlie Woerner,charlie-woerner,tuzldnhk23mvsapfejqd,8,48,0,0,0,18,2,25,0,35,9
2025,receiving,315,Tyler Conklin,tyler-conklin,knjuzxnzsfjxwcjxp5en,7,101,0,2,0,33,3,42.9,1,57,10
2025,receiving,316,Dylan Drummond,dylan-drummond,xyexcy7ur9nscytyhinx,7,42,0,0,0,15,2,28.6,0,14,11
2025,receiving,317,Ollie Gordon II,ollie-gordon-ii,bv33rgypaauv7sealwkr,7,32,1,1,0,20,1,14.3,0,57,9
2025,receiving,318,Kylen Granson,kylen-granson,ysbxmdw4da30q3kjb571,7,40,0,0,0,12,3,42.9,0,13,9
2025,receiving,319,Jawhar Jordan,jawhar-jordan,mdov6nge0ui6pc3kx0l2,7,34,0,0,0,14,2,28.6,0,40,7
2025,receiving,320,Gage Larvadain,gage-larvadain,sivfugvzbbxrgkvxr5cb,7,71,0,0,0,14,3,42.9,0,28,14
2025,receiving,321,Ray-Ray McCloud,ray-ray-mccloud,nvwn3sdihyyd2itjt7vy,7,69,0,1,0,24,4,57.1,0,46,15
2025,receiving,322,Foster Moreau,foster-moreau,daymhftrwf00siu0iviy,7,59,0,0,0,16,2,28.6,0,44,10
2025,receiving,323,Curtis Samuel,curtis-samuel,vyibrxegz375ntjby5zs,7,81,1,2,0,21,5,71.4,0,27,9
2025,receiving,324,Stone Smartt,stone-smartt,g8mtiyojkmj8vwzmg0ez,7,52,0,0,0,17,3,42.9,0,27,9
2025,receiving,325,Arian Smith,arian-smith,asywvwrn6zhlidxothqn,7,52,0,1,0,23,4,57.1,0,33,16
2025,receiving,326,Xavier Weaver,xavier-weaver,kubeuin8fuw75xuxnhli,7,67,0,1,0,23,2,28.6,0,20,13
2025,receiving,327,Nate Adkins,nate-adkins,hedaw0ksq5qdzp9uhe3w,6,48,1,0,0,16,3,50,0,26,11
2025,receiving,328,Tutu Atwell,tutu-atwell,tl2aa9ucbtcwhr1yk3tf,6,192,1,3,1,88,4,66.7,0,67,15
2025,receiving,329,Andrew Beck,andrew-beck,zv8xb3nfxamq7sqa1xqt,6,45,2,0,0,17,4,66.7,0,20,9
2025,receiving,330,Braxton Berrios,braxton-berrios,striwxmn9t0ixherw7l8,6,37,0,0,0,14,3,50,0,18,8
2025,receiving,331,Malik Heath,malik-heath,gtvkkadrxfzlj1qxshhx,6,86,0,1,0,37,4,66.7,0,29,7
2025,receiving,332,Quintin Morris,quintin-morris,auqtvapzdtpdxg6myw6b,6,55,1,0,0,14,4,66.7,0,21,9
2025,receiving,333,Adam Prentice,adam-prentice,xuvyqidnso9ga1dfefoy,6,53,0,0,0,14,3,50,0,43,8
2025,receiving,334,James Proche,james-proche,s1jyxzrzgn2od1sempye,6,65,0,1,0,23,2,33.3,0,2,12
2025,receiving,335,Jack Stoll,jack-stoll,vx5eqo8t1qvj0ijwmiwm,6,46,1,0,0,13,2,33.3,0,17,11
2025,receiving,336,Devontez Walker,devontez-walker,x3x3k5ispk44ms0f7vrv,6,136,3,4,0,38,5,83.3,0,23,8
2025,receiving,337,Jahdae Walker,jahdae-walker,cr13mo2xrpdkksy8fveq,6,87,2,1,0,25,4,66.7,0,8,10
2025,receiving,338,Casey Washington,casey-washington,wkoysykj4htld4yajljn,6,94,0,1,0,25,6,100,0,12,14
2025,receiving,339,Theo Wease Jr.,theo-wease-jr,iykujtgwn2x1ymy7jdxw,6,139,1,2,1,63,6,100,0,63,10
2025,receiving,340,Robbie Chosen,robbie-chosen,kz2hbymqgrobo1uynciv,5,53,0,0,0,17,2,40,0,5,9
2025,receiving,341,Noah Brown,noah-brown,nv6ix0p8965yiugsuhwh,5,83,0,1,0,28,3,60,0,11,10
2025,receiving,342,Ashton Dulin,ashton-dulin,ux55cx0r9iwqwmfmaip6,5,106,0,3,1,48,4,80,0,53,10
2025,receiving,343,Austin Ekeler,austin-ekeler,sldndpn2zwt4uhkj2zks,5,38,0,0,0,15,2,40,0,49,7
2025,receiving,344,Jalin Hyatt,jalin-hyatt,fqgvjckxe03pr4eup6m7,5,35,0,0,0,14,2,40,0,2,14
2025,receiving,345,KeAndre Lambert-Smith,keandre-lambert-smith,xhhzgylwh0ptvpaghnuu,5,51,1,0,0,18,3,60,0,21,12
2025,receiving,346,Kendre Miller,kendre-miller,vclaomtslw55smksopku,5,30,0,0,0,11,1,20,0,35,5
2025,receiving,347,Skyy Moore,skyy-moore,id9k0aylvgyq8lulabe3,5,87,0,2,0,23,5,100,0,29,7
2025,receiving,348,Albert Okwuegbunam,albert-okwuegbunam,ivyip7mtbv6i0wbnlrph,5,36,0,0,0,16,2,40,0,34,6
2025,receiving,349,Josh Whyle,josh-whyle,an9hxzbzmg6kgkdai022,5,36,1,1,0,21,2,40,0,21,6
2025,receiving,350,Cedrick Wilson Jr.,ced-wilson,esfxvl8f7kl9othclvl0,5,44,0,0,0,16,3,60,0,25,9
2025,receiving,351,Jaylen Wright,jaylen-wright,feeuommtlmpvuxvtb1zt,5,44,0,0,0,18,2,40,0,60,9
2025,receiving,352,Michael Bandy,michael-bandy,bcashgwve9ean9pq8egb,4,50,1,1,0,20,3,75,0,26,4
2025,receiving,353,Brenden Bates,brenden-bates,beeomv1jxgkwgqubgef9,4,48,0,0,0,19,3,75,0,10,5
2025,receiving,354,Dee Eskridge,d-wayne-eskridge,baasw8ia3qztewmawfnz,4,62,0,1,1,40,3,75,0,9,7
2025,receiving,355,Hassan Haskins,hassan-haskins,n9jwsfxyo1xppmhscpik,4,13,0,0,0,9,0,0,0,16,4
2025,receiving,356,Shedrick Jackson,shedrick-jackson,pimh65yyziduaq7vbmi5,4,56,1,1,0,25,2,50,0,4,5
2025,receiving,357,Kameron Johnson,kameron-johnson,ms7auybbkq1nwbd2ev0d,4,64,1,1,0,34,3,75,0,20,7
2025,receiving,358,Tom Kennedy,tom-kennedy,cbpuzvde5zqalmkjo0dv,4,36,0,1,0,23,2,50,0,4,4
2025,receiving,359,Keleki Latu,keleki-latu,vebjjfyrrrbwaqjlyvun,4,35,0,0,0,14,3,75,0,23,4
2025,receiving,360,David Martin-Robinson,david-martin-robinson,imh2h5q6jmoqno5xlpwm,4,30,1,0,0,14,3,75,0,16,6
2025,receiving,361,Scott Matlock,scott-matlock,biif35k2hwpqmhlxn0sa,4,12,1,0,0,5,1,25,0,12,4
2025,receiving,362,Jaleel McLaughlin,jaleel-mclaughlin,jlzkji7mfkcmkyz2tygj,4,27,0,0,0,17,2,50,0,39,6
2025,receiving,363,Bo Melton,bo-melton,d7hxvsyeufobjykcxhls,4,107,1,2,1,45,4,100,0,7,13
2025,receiving,364,Andrew Ogletree,andrew-ogletree,wvcrk0ygv3coprxj4cnt,4,27,1,0,0,11,2,50,0,9,6
2025,receiving,365,Eric Saubert,eric-saubert,czzieyox5rht6ae3g5tx,4,31,0,0,0,12,2,50,0,16,7
2025,receiving,366,Ben Skowronek,ben-skowronek,etozk8ja4u8lpjcvvo6l,4,69,1,2,0,22,4,100,0,23,6
2025,receiving,367,Durham Smythe,durham-smythe,pwcuy1ntmris98x8xmxi,4,25,0,0,0,11,1,25,0,15,6
2025,receiving,368,Tylan Wallace,tylan-wallace,rifnnpeub6okv41offnd,4,45,1,0,0,15,3,75,0,17,8
2025,receiving,369,Zamir White,zamir-white,jzthyqk2ld52f31ka1ir,4,24,0,0,0,9,0,0,0,24,6
2025,receiving,370,Tank Bigsby,tank-bigsby,vfkdjfpiyrcuzahrmfvn,3,32,0,1,0,31,1,33.3,0,39,4
2025,receiving,371,Jalen Brooks,jalen-brooks,xeg0tvg6klf0afgddkq6,3,51,0,1,0,20,3,100,0,19,6
2025,receiving,372,Ty Chandler,ty-chandler,dmprsfd75phecgmbkf4l,3,11,0,0,0,11,1,33.3,0,27,4
2025,receiving,373,Efton Chism III,efton-chism-iii,zbnf3ujmwprzgjnwdtlo,3,75,1,2,0,35,3,100,0,40,3
2025,receiving,374,Josiah Deguara,josiah-deguara,wivlyvbmlm0aogcvl2yz,3,21,1,0,0,8,2,66.7,0,5,5
2025,receiving,375,AJ Dillon,a-j-dillon,imxxt8yrbrxptoxr1hw5,3,21,0,0,0,11,0,0,1,9,3
2025,receiving,376,Trevor Etienne,trevor-etienne,pcuzq84x7ia5yvmikltb,3,13,0,0,0,7,1,33.3,0,11,3
2025,receiving,377,Tai Felton,tai-felton,pyritorbaz2enqayclln,3,25,0,0,0,10,2,66.7,0,14,3
2025,receiving,378,Najee Harris,najee-harris,grfxgbvqnzz40r7rdtvk,3,25,0,0,0,11,1,33.3,0,15,3
2025,receiving,379,Connor Heyward,connor-heyward,nbbhxtutzvbj0ejljyyp,3,21,1,0,0,12,1,33.3,0,5,4
2025,receiving,380,KhaDarel Hodge,khadarel-hodge,r6vyxamrbb62lcccap2r,3,31,0,0,0,16,2,66.7,0,9,10
2025,receiving,381,Dylan Laube,dylan-laube,lpizdza73bgksstymv5t,3,18,0,0,0,13,1,33.3,0,24,4
2025,receiving,382,James Mitchell,james-mitchell,q8b9goebgmuwusl6vqdc,3,28,0,0,0,11,2,66.7,0,21,3
2025,receiving,383,Jaret Patterson,jaret-patterson,thg0iebj03kg0nuykglu,3,8,0,0,0,4,1,33.3,0,8,4
2025,receiving,384,Tip Reiman,tip-reiman,yfi3fqch6kzqrcvuptal,3,18,0,0,0,10,1,33.3,0,7,5
2025,receiving,385,Xavier Restrepo,xavier-restrepo,w4onu90fxjmlkmkchcg1,3,41,0,0,0,15,3,100,0,9,7
2025,receiving,386,Chris Rodriguez Jr.,chris-rodriguez-jr,pknd5uajvpvfd8c744im,3,30,0,0,0,18,1,33.3,0,26,4
2025,receiving,387,Raheim Sanders,raheim-sanders,bopoof9uczgpvpggeahp,3,21,0,0,0,10,0,0,0,14,4
2025,receiving,388,Trent Sherfield,trent-sherfield,iiig88xbj5zeau59ifvv,3,21,0,0,0,15,1,33.3,0,14,5
2025,receiving,389,Ben Sims,ben-sims,rigksrncrdjmbhvfuclp,3,30,0,0,0,18,2,66.7,0,5,6
2025,receiving,390,Deven Thompkins,deven-thompkins,hohgyaldfuylxqwnb8i2,3,27,0,0,0,19,1,33.3,0,20,3
2025,receiving,391,Austin Trammell,austin-trammell,vpkcobp7jdqvk8qwhhtg,3,46,0,0,0,18,2,66.7,0,2,10
2025,receiving,392,Tahj Washington,tahj-washington,voyr5ajdxwydmp6cc1bw,3,37,0,0,0,19,1,33.3,1,8,5
2025,receiving,393,Justin Watson,justin-watson,qupxjfqxueke4sgmlrk3,3,30,0,0,0,15,1,33.3,0,14,4
2025,receiving,394,Cody White,cody-white-2,qaxlehtrp722qleo48sc,3,90,1,2,1,60,2,66.7,0,58,4
2025,receiving,395,Shane Zylstra,shane-zylstra,jxq0fpgw6dzavqabgl1j,3,20,0,0,0,11,1,33.3,0,2,5
2025,receiving,396,Braelon Allen,braelon-allen,fmpzgmfjmcbrv1gmqbdn,2,17,0,0,0,12,1,50,0,9,3
2025,receiving,397,Andre Baccellia,andre-baccellia,uaqykjil87rj71rkyz70,2,8,0,0,0,5,0,0,0,7,4
2025,receiving,398,Alex Bachman,alex-bachman,xebxem8tzjm0yyygaklg,2,12,0,0,0,9,2,100,0,2,3
2025,receiving,399,Ronnie Bell,ronnie-bell,oc0bqykntgi6uiczr7zc,2,23,1,0,0,16,1,50,0,1,4
2025,receiving,400,Jake Bobo,jake-bobo,esyfp5hwdtepk2ypsru4,2,20,0,0,0,17,1,50,0,6,2
2025,receiving,401,Pharaoh Brown,pharaoh-brown,hfgg6gr7aiyzmdzh4iww,2,1,0,0,0,1,0,0,0,0,2
2025,receiving,402,Harrison Bryant,harrison-bryant,opgnzrczeavjmrib6cmp,2,7,0,0,0,5,1,50,0,0,6
2025,receiving,403,Sal Cannella,sal-cannella,,2,11,0,0,0,6,1,50,0,5,5
2025,receiving,404,Beaux Collins,beaux-collins,fypzpyhv2bsvlcwp2ppo,2,25,0,0,0,18,1,50,0,6,6
2025,receiving,405,Britain Covey,britain-covey,jgvgr3prtme8ua28bfxi,2,20,0,0,0,12,2,100,0,20,4
2025,receiving,406,Derius Davis,derius-davis,ykmeihbr6903smvblzgc,2,10,0,0,0,7,0,0,0,8,3
2025,receiving,407,Malik Davis,malik-davis,zvranxxyt8qeihn8c2q9,2,16,0,0,0,10,0,0,0,6,5
2025,receiving,408,Devin Duvernay,devin-duvernay,tj3t166iwsxbnyzxcyyl,2,26,0,1,0,24,1,50,0,0,5
2025,receiving,409,Ross Dwelley,ross-dwelley,wf9ynmqonmnaosslkwdl,2,7,0,0,0,4,0,0,0,7,5
2025,receiving,410,Clyde Edwards-Helaire,clyde-edwards-helaire,er6tfnyxampiwn74zrui,2,9,0,0,0,7,0,0,0,13,2
2025,receiving,411,Tucker Fisk,tucker-fisk,yqaco04wjatmxlmxpq1y,2,19,0,0,0,12,1,50,0,21,4
2025,receiving,412,Antonio Gibson,antonio-gibson-2,j7ixpkm7u4tdoqwzmbt4,2,6,0,0,0,5,0,0,0,16,3
2025,receiving,413,Reggie Gilliam,reggie-gilliam,jjntivnnkczvlclkiwwm,2,24,0,1,0,22,1,50,0,2,2
2025,receiving,414,Xavier Gipson,xavier-gipson,o81mvslx374ouca313mw,2,6,0,0,0,3,0,0,0,15,2
2025,receiving,415,Tyler Goodson,tyler-goodson,zqmesi6fwv82lhfzlht6,2,8,0,0,0,8,0,0,0,10,3
2025,receiving,416,Anthony Gould,anthony-gould,irctulz9pij3tzpokih0,2,6,0,0,0,3,0,0,0,8,2
2025,receiving,417,Cam Grandy,cam-grandy-2,uay5dmniqx1baal3q3uu,2,7,0,0,0,6,0,0,1,13,2
2025,receiving,418,C.J. Ham,c-j-ham,evssvutwjy6szq7dpelm,2,11,0,0,0,6,1,50,0,9,2
2025,receiving,419,George Holani,george-holani,pgwvv5qhcmnwf3tomy1a,2,15,0,0,0,11,1,50,0,16,2
2025,receiving,420,Jakobie Keeney-James,,,2,15,0,0,0,8,0,0,0,0,2
2025,receiving,421,Corey Kiner,corey-kiner,tpnamrgzfbytwlzhhyf8,2,15,0,0,0,11,1,50,0,6,3
2025,receiving,422,Mason Kinsey,mason-kinsey,fnp9cl8jpe0mrkysfh4r,2,48,0,1,0,34,2,100,0,3,4
2025,receiving,423,Lucas Krull,lucas-krull,eolvpkk5jjmipuqmf5v6,2,15,0,0,0,9,0,0,0,4,4
2025,receiving,424,Phil Mafah,phil-mafah,r91conel40ilon72blzb,2,11,0,0,0,10,1,50,0,22,2
2025,receiving,425,Tay Martin,tay-martin,ttdp5v9tl0zqmb0dmmuv,2,23,0,0,0,14,1,50,0,5,2
2025,receiving,426,Moliki Matavao,moliki-matavao,sloxqlvfyoufh2bb3zku,2,10,0,0,0,6,0,0,0,5,2
2025,receiving,427,Ryan Miller,ryan-miller-2,cyn2sjaozsadlvgarg6p,2,34,1,1,0,20,1,50,0,0,4
2025,receiving,428,Zaire Mitchell-Paden,zaire-mitchell-paden,kx728asxtg6ykmh1yblc,2,17,0,0,0,14,1,50,0,5,3
2025,receiving,429,Jalen Royals,jalen-royals-2,sqrid1hnmwqymcp2vxfx,2,4,0,0,0,2,0,0,0,4,3
2025,receiving,430,Jordan Watkins,jordan-watkins,agcwewjrj4dfssqkzksp,2,26,0,0,0,19,1,50,0,1,3
2025,receiving,431,Jared Wayne,jared-wayne,ykhrjnmqsqyprplhy6pl,2,20,0,0,0,17,1,50,0,3,2
2025,receiving,432,Blake Whiteheart,blake-whiteheart,senw8edxu2ovkg1dbdxs,2,4,0,0,0,4,0,0,1,1,6
2025,receiving,433,Caleb Williams,caleb-williams,h4qs11kutwiw7whekmyt,2,22,1,1,0,20,2,100,0,25,2
2025,receiving,434,Colson Yankoff,colson-yankoff,cgsxdjqy6l2zuqaftbd6,2,18,0,0,0,14,2,100,0,4,3
2025,receiving,435,Dareke Young,dareke-young,xd0585sr1fy1wpry0ued,2,48,0,1,0,36,2,100,0,0,3
2025,receiving,436,Ben Yurosek,ben-yurosek,q6ea6dqd4nn27aeihiv7,2,14,0,0,0,9,1,50,0,9,3
2025,receiving,437,Spencer Anderson,spencer-anderson,gtpey4tnh0dkqjlux3gz,1,4,0,0,0,4,0,0,0,4,1
2025,receiving,438,Jaydon Blue,jaydon-blue,lscygdlqczomp0l9oykv,1,5,0,0,0,5,0,0,0,10,1
2025,receiving,439,Tahj Brooks,tahj-brooks,s89clgkij0ytcmrkdydt,1,9,0,0,0,9,0,0,0,11,2
2025,receiving,440,Connor Colby,connor-colby,dazpyka1tbihu0gobwgw,1,-1,0,0,0,-1,0,0,0,5,1
2025,receiving,441,Devin Culp,devin-culp,e32gorf12yuyy6iyijt9,1,6,1,0,0,6,1,100,0,0,1
2025,receiving,442,Drake Dabney,drake-dabney,olsiufbauh2x6pshrygm,1,3,0,0,0,3,0,0,0,0,2
2025,receiving,443,Payne Durham,payne-durham,emibbexzjbzvopbvo1at,1,11,0,0,0,11,1,100,0,11,4
2025,receiving,444,Quinn Ewers,quinn-ewers,bbcwyjuhyijtqe7jo274,1,-6,0,0,0,-6,0,0,0,0,1
2025,receiving,445,Cody Ford,cody-ford,tvlrnep8pest5wubog4f,1,21,0,1,0,21,1,100,0,17,1
2025,receiving,446,Khalil Herbert,khalil-herbert,gjwksf9ygntjmtceeerh,1,4,0,0,0,4,0,0,0,9,4
2025,receiving,447,Evan Hull,evan-hull,xyyujk9mvvzegaiefp51,1,6,0,0,0,6,0,0,0,10,1
2025,receiving,448,Terrell Jennings,terrell-jennings,apyriqt5707yo5qgbni5,1,9,0,0,0,9,0,0,0,7,1
2025,receiving,449,Kaleb Johnson,kaleb-johnson-2,zpzc4oobxi8nr5dyonob,1,9,0,0,0,9,0,0,0,14,2
2025,receiving,450,Jacoby Jones,jacoby-jones-x5726,bc74vque05mi8tg5xzxu,1,25,0,1,0,25,1,100,0,22,1
2025,receiving,451,Tim Jones,tim-jones-3,rgthh35tnl9dbi7jshxv,1,15,0,0,0,15,1,100,0,11,1
2025,receiving,452,Patrick Mahomes,patrick-mahomes,wdckwtob1lybvkmxnf7p,1,-10,0,0,0,-10,0,0,0,-2,1
2025,receiving,453,Will Mallory,will-mallory,sl1pkiox1hucg9sxttfi,1,16,0,0,0,16,1,100,0,0,1
2025,receiving,454,Chris Manhertz,chris-manhertz,bw0kytk1nwrdln9t3wzg,1,7,0,0,0,7,0,0,0,6,2
2025,receiving,455,Drake Maye,drake-maye,s1nmoon2xnrc3bnyulv4,1,2,0,0,0,2,0,0,0,10,1
2025,receiving,456,Jonathan Mingo,jonathan-mingo,u2b8s2s0ix5hntyg3eog,1,25,0,1,0,25,1,100,0,4,5
2025,receiving,457,David Moore,david-moore,iyawzolvibsds35fwapv,1,5,0,0,0,5,0,0,0,0,1
2025,receiving,458,Malachi Moore,malachi-moore,ftgqzch3vvsodlhud39f,1,3,0,0,0,3,1,100,0,0,1
2025,receiving,459,Bryce Oliver,bryce-oliver,bdsenkkodb8gbdvtivvr,1,8,0,0,0,8,0,0,0,2,1
2025,receiving,460,Spencer Rattler,spencer-rattler,gcgmcf4kex3jsl4rlrng,1,0,0,0,0,0,0,0,0,0,2
2025,receiving,461,Nikko Remigio,nikko-remigio,n6b1tsy32fswbd0xgsim,1,21,0,1,0,21,1,100,0,3,1
2025,receiving,462,Patrick Ricard,patrick-ricard,nm7ezh46zd5bdxaxz6a9,1,8,0,0,0,8,0,0,0,2,2
2025,receiving,463,Anthony Richardson,anthony-richardson,wrddeyklfcgk9qybgofq,1,9,0,0,0,9,1,100,0,7,1
2025,receiving,464,Aaron Rodgers,aaron-rodgers,dypvakakxhccxs67tb0y,1,-9,0,0,0,-9,0,0,0,0,1
2025,receiving,465,Carter Runyon,carter-runyon-2,q8knlo3npxhjxiyyx4h6,1,3,0,0,0,3,0,0,0,6,1
2025,receiving,466,Jeffery Simmons,jeffery-simmons,lt545qfibz7n9jlqyqov,1,1,1,0,0,1,1,100,0,0,1
2025,receiving,467,Quentin Skinner,quentin-skinner,s7ln3ugfuknhx2tedii2,1,10,0,0,0,10,1,100,0,6,1
2025,receiving,468,Robert Tonyan,robert-tonyan,m8h8rzmxq4sjywitqnyb,1,1,0,0,0,1,0,0,0,0,1
2025,receiving,469,Samori Toure,samori-toure,tkjitxda1ufeev3tzpuk,1,3,0,0,0,3,0,0,0,0,3
2025,receiving,470,Jack Westover,jack-westover,zpo5vbntn8b9hih2fi66,1,0,0,0,0,0,0,0,0,0,2
2025,receiving,471,Jared Wiley,jared-wiley,qbu14rgh4wchepqsrgb0,1,4,0,0,0,4,1,100,0,8,1
2025,receiving,472,Ke'Shawn Williams,ke-shawn-williams,r7enwgccqv93feuoeurz,1,5,0,0,0,5,0,0,0,0,1
2025,receiving,473,Jameis Winston,jameis-winston,e5qyxnibbyawi0pvfpjl,1,33,1,1,0,33,1,100,0,20,1
2025,receiving,474,Tristan Wirfs,tristan-wirfs,j1gwbrodzkkdaqlpyqml,1,2,1,0,0,2,1,100,0,1,1
2025,receiving,475,Jelani Woods,jelani-woods,bnezem4laynlarqnpyc5,1,4,0,0,0,4,0,0,0,1,3
