season,category,rank,player,slug,headshot_id,Pass Yds,Yds/Att,Att,Cmp,Cmp %,TD,INT,Rate,1st,1st%,20+,40+,Lng,Sck,SckY
2025,passing,1,Matthew Stafford,matthew-stafford,jwpkjfrkzufdyh8u1mg7,4707,7.9,597,388,65,46,8,109.2,236,39.5,72,8,88,23,150
2025,passing,2,Jared Goff,jared-goff,kaicbot8qhzrvddilbtp,4564,7.9,578,393,68,34,8,105.5,223,38.6,66,8,64,38,259
2025,passing,3,Dak Prescott,dak-prescott,yvscmqq1qki8zfsemmcd,4552,7.6,600,404,67.3,30,10,99.5,220,36.7,53,12,86,31,208
2025,passing,4,Drake Maye,drake-maye,s1nmoon2xnrc3bnyulv4,4394,8.9,492,354,72,31,8,113.5,203,41.3,67,6,72,47,201
2025,passing,5,Sam Darnold,sam-darnold,fyay8vruj0cqmhopufzk,4048,8.5,477,323,67.7,25,14,99.1,178,37.3,57,12,67,27,186
2025,passing,6,Trevor Lawrence,trevor-lawrence,k9uzdernqkx7oquy7dkg,4007,7.2,560,341,60.9,29,12,91,194,34.6,57,6,63,41,247
2025,passing,7,Caleb Williams,caleb-williams,h4qs11kutwiw7whekmyt,3942,6.9,568,330,58.1,27,7,90.1,187,32.9,58,7,65,24,165
2025,passing,8,Bo Nix,bo-nix,zvo9xatffmqn9lnukpgk,3931,6.4,612,388,63.4,25,11,87.8,196,32,47,7,52,22,119
2025,passing,9,Justin Herbert,justin-herbert,jnkspnntgebegzp4ghve,3727,7.3,512,340,66.4,26,13,94.1,175,34.2,43,8,60,54,301
2025,passing,10,Baker Mayfield,baker-mayfield,gjb8e69jtt1ffqf1afue,3693,6.8,543,343,63.2,26,11,90.6,172,31.7,54,7,77,36,234
2025,passing,11,Josh Allen,josh-allen,mjwbioajzldkq1vzoz2d,3668,8,460,319,69.4,25,10,102.2,177,38.5,56,10,54,40,298
2025,passing,12,Patrick Mahomes,patrick-mahomes,wdckwtob1lybvkmxnf7p,3587,7.2,502,315,62.8,22,11,89.6,173,34.5,49,8,61,34,193
2025,passing,13,Jordan Love,jordan-love,thz8stjkbjwddxqnozi5,3381,7.7,439,291,66.3,23,6,101.2,159,36.2,49,8,59,21,169
2025,passing,14,Jacoby Brissett,jacoby-brissett,qjswiunczrn5xmdiqhlz,3366,6.9,485,315,65,23,8,94.1,165,34,41,3,50,43,288
2025,passing,15,Aaron Rodgers,aaron-rodgers,dypvakakxhccxs67tb0y,3322,6.7,498,327,65.7,24,7,94.8,143,28.7,38,7,80,29,180
2025,passing,16,Jalen Hurts,jalen-hurts,xow5yvxjeqa6witmofmp,3224,7.1,454,294,64.8,25,6,98.5,150,33,40,9,79,32,181
2025,passing,17,Cam Ward,cam-ward,l7switu6stlwd2irm8yo,3169,5.9,540,323,59.8,15,7,80.2,153,28.3,40,3,47,55,410
2025,passing,18,Daniel Jones,daniel-jones-x5302,ohvvctuykzwrpqer7xgl,3101,8.1,384,261,68,19,8,100.2,149,38.8,36,7,75,22,158
2025,passing,19,C.J. Stroud,c-j-stroud,tt4zrtxlhifaljhj0rn7,3041,7.2,423,273,64.5,19,8,92.9,136,32.2,39,10,75,23,189
2025,passing,20,Geno Smith,geno-smith,zppfqqcyjfma14jjif3a,3025,6.8,448,302,67.4,19,17,84.7,148,33,33,3,61,55,405
2025,passing,21,Bryce Young,bryce-young,vcvhmxvxw2a3armle0af,3011,6.3,478,304,63.6,23,11,87.8,153,32,39,4,54,27,202
2025,passing,22,Tua Tagovailoa,tua-tagovailoa,tmm4ohds7qci0vqoobhm,2660,6.9,384,260,67.7,20,15,88.4,142,37,33,4,47,30,195
2025,passing,23,Lamar Jackson,lamar-jackson,eno6s5qzl9grbfbfwhoa,2549,8.4,302,192,63.6,21,7,103.8,109,36.1,38,6,64,36,239
2025,passing,24,Joe Flacco,joe-flacco,dre1d2f2d6dxqohzn5l2,2479,6,416,251,60.3,15,10,79.2,115,27.6,25,2,44,18,118
2025,passing,25,Tyler Shough,tyler-shough,toiafc7qighw86geo7jf,2384,7.3,327,221,67.6,10,6,91.3,107,32.7,19,3,62,31,195
2025,passing,26,Jaxson Dart,jaxson-dart,n6uymxssgiicjmxkzxoc,2272,6.7,339,216,63.7,15,5,91.7,102,30.1,25,3,44,35,152
2025,passing,27,Brock Purdy,brock-purdy,xs2fyj1sqdgwvt9ihbri,2167,7.6,284,197,69.4,20,10,100.5,130,45.8,33,1,45,11,53
2025,passing,28,Mac Jones,mac-jones,mbdwfwiuhl0ib5ajtmzq,2151,7.4,289,201,69.6,13,6,97.4,107,37,18,3,56,16,108
2025,passing,29,Michael Penix Jr.,michael-penix-jr,mip4kogkqxwkkya6mvmh,1982,7.2,276,166,60.1,9,3,88.5,99,35.9,26,5,69,13,101
2025,passing,30,Joe Burrow,joe-burrow,gnnvcgui1cijybukk2w7,1809,7,259,173,66.8,17,5,100.7,100,38.6,22,1,43,17,113
2025,passing,31,Kirk Cousins,kirk-cousins,za7cynvpwlsro1tsaijk,1721,6.4,269,166,61.7,10,5,84.8,86,32,21,3,49,13,79
2025,passing,32,Marcus Mariota,marcus-mariota,grx6m1fmu1odltjo3y31,1695,7.5,227,139,61.2,10,7,86.1,79,34.8,22,5,56,16,107
2025,passing,33,J.J. McCarthy,j-j-mccarthy,omybnfokapjw6jwb5dd3,1632,6.7,243,140,57.6,11,12,72.6,80,32.9,20,3,62,27,149
2025,passing,34,Spencer Rattler,spencer-rattler,gcgmcf4kex3jsl4rlrng,1586,6.2,257,174,67.7,8,5,86.5,74,28.8,13,3,87,18,104
2025,passing,35,Shedeur Sanders,shedeur-sanders,joe08hz6to2madpko8zl,1400,6.6,212,120,56.6,7,10,68.1,54,25.5,17,7,66,23,164
2025,passing,36,Jayden Daniels,jayden-daniels,gfz8k5onuqjrche9ogqc,1262,6.7,188,114,60.6,8,3,88.1,59,31.4,14,2,50,18,79
2025,passing,37,Justin Fields,justin-fields,npjrombgxkc5vjkctcgy,1259,6.2,204,128,62.8,7,1,89.5,58,28.4,15,1,42,27,192
2025,passing,38,Carson Wentz,carson-wentz,vuolixdvigc8axelug66,1216,7.2,169,110,65.1,6,5,85.8,58,34.3,15,2,81,19,125
2025,passing,39,Kyler Murray,kyler-murray,btfruyf33adgnjzpcuen,962,6,161,110,68.3,6,3,88.6,50,31.1,7,2,45,16,111
2025,passing,40,Dillon Gabriel,dillon-gabriel,szpyvusef9jvoctbnkbk,937,5.1,185,110,59.5,7,2,80.8,45,24.3,10,0,26,19,127
2025,passing,41,Davis Mills,davis-mills,jh9e97vjzmeafx8jz0sn,915,5.8,159,91,57.2,5,1,81.6,48,30.2,9,1,54,8,60
2025,passing,42,Russell Wilson,russell-wilson,vkstxj0evgkjiycu4glc,831,7,119,69,58,3,3,77.4,32,26.9,13,4,52,10,66
2025,passing,43,Tyrod Taylor,tyrod-taylor,whpztm9akd7yefplp37r,779,5.8,134,80,59.7,5,5,73,41,30.6,6,2,52,14,82
2025,passing,44,Jake Browning,jake-browning,isw3v1hnu2vogyayxlmy,771,6.2,125,81,64.8,6,8,71.1,33,26.4,8,2,64,9,60
2025,passing,45,Brady Cook,brady-cook,sk8u7zzg7e3t4vu7xesg,739,4.8,153,88,57.5,2,7,55.4,35,22.9,6,0,26,19,125
2025,passing,46,Quinn Ewers,quinn-ewers,bbcwyjuhyijtqe7jo274,622,7.5,83,55,66.3,3,3,85.5,29,34.9,10,2,63,8,59
2025,passing,47,Jameis Winston,jameis-winston,e5qyxnibbyawi0pvfpjl,567,8.6,66,37,56.1,2,2,82.1,25,37.9,13,2,42,3,11
2025,passing,48,Philip Rivers,philip-rivers,voakyrtj34sghkwxaxxf,544,5.9,92,58,63,4,3,80.2,30,32.6,2,0,33,5,37
2025,passing,49,Tyler Huntley,tyler-huntley,fxyjf9d5qkwqjdd8ypvv,426,6.4,67,52,77.6,2,0,103.1,19,28.4,3,0,36,8,38
2025,passing,50,Malik Willis,malik-willis,txvgdbwbryzyyqq6gfet,422,12.1,35,30,85.7,3,0,145.5,19,54.3,9,1,40,3,15
2025,passing,51,Riley Leonard,riley-leonard,okxcrf19ylc0hwfefmwl,415,6.2,67,39,58.2,2,3,67.7,18,26.9,6,2,66,2,17
2025,passing,52,Josh Johnson,josh-johnson,sijqkai2yy1cbw3rwndh,372,6.9,54,34,63,1,2,74,21,38.9,4,1,41,2,14
2025,passing,53,Max Brosmer,max-brosmer,fpveluufmy7buwrhpiny,328,4.6,71,47,66.2,0,4,53,18,25.4,3,0,29,14,100
2025,passing,54,Mitchell Trubisky,mitchell-trubisky,yxs7ix2pmcfv5k1qn1sk,313,8.9,35,25,71.4,4,0,137,19,54.3,5,0,37,0,0
2025,passing,55,Mason Rudolph,mason-rudolph,oadtxde6hxz1jgrs618o,310,6,52,38,73.1,2,2,84.6,17,32.7,3,0,28,2,12
2025,passing,56,Cooper Rush,cooper-rush,mwrtykpswz7nbfisqlmj,303,5.8,52,34,65.4,0,4,48.8,13,25,2,1,56,1,16
2025,passing,57,Andy Dalton,andy-dalton,sfsneh0bn46e2kwve7sr,293,7.9,37,25,67.6,1,1,89.1,17,46,4,0,33,8,54
2025,passing,58,Tanner McKee,tanner-mckee,oveivzhzv13jrfvkp8zg,274,6.4,43,24,55.8,1,1,73.2,16,37.2,2,0,31,3,14
2025,passing,59,Chris Oladokun,chris-oladokun,zlcmvcyi6laaklmjv1j2,235,4.3,55,35,63.6,1,0,79,10,18.2,2,0,31,8,93
2025,passing,60,Trey Lance,trey-lance,j3psmvvxo13kmbgi60ej,226,4,57,27,47.4,0,1,50.8,10,17.5,2,0,28,6,44
2025,passing,61,Kenny Pickett,kenny-pickett,gw6lyiuevyuspfkglnmj,188,4.2,45,28,62.2,1,2,60.2,8,17.8,2,0,26,8,54
2025,passing,62,Joe Milton III,joe-milton-iii,tsj9lobse1gxzanf39dt,183,7.6,24,15,62.5,1,2,65.1,9,37.5,3,0,35,0,0
2025,passing,63,Aidan O'Connell,aidan-o-connell,bcejxo7ofgk5pszhup12,102,4.6,22,10,45.4,0,0,59.3,5,22.7,2,0,23,1,5
2025,passing,64,Shane Buechele,shane-buechele,kmbuzxucmmytpuoy8yfc,88,6.3,14,7,50,0,0,69.9,4,28.6,1,1,51,5,22
2025,passing,65,Brandon Allen,brandon-allen,zljq6177ohvxucfq7fl9,72,2.4,30,17,56.7,0,1,47.9,3,10,1,0,21,1,7
2025,passing,66,Joshua Dobbs,joshua-dobbs,twaqqjexyi0vgyfbvzis,65,6.5,10,7,70,0,0,87.5,3,30,2,0,23,0,0
2025,passing,67,Teddy Bridgewater,teddy-bridgewater,vwtggtoroccnjv3h0niq,62,4.1,15,8,53.3,0,0,63.8,2,13.3,1,0,32,2,21
2025,passing,68,Taysom Hill,taysom-hill,q8itjlocg5do60qat4l3,57,9.5,6,2,33.3,1,0,109,2,33.3,1,0,38,0,0
2025,passing,69,Tyson Bagent,tyson-bagent,ymimvligfyrucu0v3p6a,47,11.8,4,3,75,0,0,113.5,2,50,2,0,22,0,0
2025,passing,70,Clayton Tune,clayton-tune,qf8khbyllgjzfyqd3yuz,42,2.8,15,7,46.7,0,1,25.7,2,13.3,0,0,8,5,44
2025,passing,71,Gardner Minshew,gardner-minshew,knlacyr7rqfkcxiriudj,37,2.8,13,6,46.2,0,1,21,2,15.4,0,0,12,0,0
2025,passing,72,Gunner Olszewski,gunner-olszewski,q6fs5e2eotgeh47xeo74,33,16.5,2,1,50,1,0,135.4,1,50,1,0,33,0,0
2025,passing,73,Cam Akers,cam-akers,dutj0wamu7giwghnmr4m,32,32,1,1,100,1,0,158.3,1,100,1,0,32,0,0
2025,passing,74,Zach Wilson,zach-wilson,i17xpbsar7evcypbhtel,32,2.9,11,6,54.6,0,0,60,3,27.3,0,0,11,0,0
2025,passing,75,Matt Haack,matt-haack,q0pk8i0ehgn4bccwbmme,28,28,1,1,100,0,0,118.8,1,100,1,0,28,0,0
2025,passing,76,Nick Mullens,nick-mullens,haxwyajgngz6quuyqg19,19,6.3,3,3,100,0,0,93.1,2,66.7,0,0,8,0,0
2025,passing,77,Rigoberto Sanchez,rigoberto-sanchez,i3hjsasd97k3y3z0inc6,16,16,1,1,100,0,0,118.8,1,100,0,0,16,0,0
2025,passing,78,Drew Lock,drew-lock,vdixnkk1uglfpwowalf8,15,5,3,2,66.7,0,0,78.5,1,33.3,0,0,11,0,0
2025,passing,79,Anthony Richardson,anthony-richardson,wrddeyklfcgk9qybgofq,9,4.5,2,1,50,0,0,62.5,1,50,0,0,9,0,0
2025,passing,80,Jaylen Waddle,jaylen-waddle,gkh7m1jedon9mwn5jlf1,8,8,1,1,100,0,0,100,0,0,0,0,8,0,0
2025,passing,81,Breece Hall,breece-hall,i01xtqbfajfq68lb6orh,4,4,1,1,100,1,0,122.9,1,100,0,0,4,0,0
2025,passing,82,Austin McNamara,austin-mcnamara,tu0cvxj9l141hhpcr5mh,3,3,1,1,100,0,0,79.2,1,100,0,0,3,0,0
2025,passing,83,David Montgomery,david-montgomery,csz0c9roa4pqsccothxg,3,1.5,2,1,50,1,0,95.8,1,50,0,0,3,1,5
2025,passing,84,DJ Moore,d-j-moore,lsavpxtqoqu25emwcnvy,2,2,1,1,100,1,0,118.8,1,100,0,0,2,0,0
