season,category,rank,player,slug,headshot_id,Avg,Net Avg,Net Yds,Punts,Lng,Yds,IN 20,OOB,Dn,TB,FC,Ret,RetY,TD,P Blk
2025,punts,1,Blake Gillikin,blake-gillikin,pgasxtghfviimlj55tn0,51.7,45.4,999,22,63,1138,8,1,1,2,7,11,99,0,0
2025,punts,2,Daniel Whelan,daniel-whelan,sbt08fmtztaze2rm3cef,51.7,43.9,2151,49,72,2533,18,5,3,8,12,21,222,0,0
2025,punts,3,Matt Haack,matt-haack,q0pk8i0ehgn4bccwbmme,51.3,43.4,1085,25,65,1283,10,2,4,0,4,15,198,0,0
2025,punts,4,Ryan Rehkow,ryan-rehkow,c0eiplwe2c9m46zhmcq8,50.5,42.9,2788,65,70,3285,28,4,10,11,12,28,277,0,0
2025,punts,5,Jordan Stout,jordan-stout,eeftrwsh0aigc7r22goy,50.1,44.9,2378,53,74,2657,24,7,11,6,6,23,159,0,0
2025,punts,6,Braden Mann,braden-mann,eizeojehmxkvvfahj1tk,49.9,42.8,3081,72,70,3591,20,12,7,8,11,34,350,0,0
2025,punts,7,Michael Dickson,michael-dickson,apjm64xahlm5hjmoxul7,49,42.2,2193,52,60,2548,20,6,7,3,17,19,295,1,0
2025,punts,8,Ryan Wright,ryan-wright,g8j6r8d2ut2a2ln6i3c6,49,44.5,2893,65,77,3184,25,7,6,3,22,27,231,0,0
2025,punts,9,Rigoberto Sanchez,rigoberto-sanchez,i3hjsasd97k3y3z0inc6,48.8,44.7,1966,44,59,2146,22,4,3,3,15,19,120,0,0
2025,punts,10,Bryan Anger,bryan-anger,e1fozrp2fhprrkheqt0x,48.6,42.6,1748,41,65,1994,14,1,1,0,13,26,246,0,0
2025,punts,11,Logan Cooke,logan-cooke,qy2pmeevxy1jndpdq1ai,48,43,2580,60,66,2878,22,13,5,6,9,27,178,0,0
2025,punts,12,J.K. Scott,j-k-scott,yayikawhfng99cqrosax,47.8,41.4,2486,60,60,2871,23,5,7,4,23,21,305,1,0
2025,punts,13,Tory Taylor,tory-taylor,fvmwdsbi4nkpw9hfm4qj,47.8,40.4,2424,60,69,2870,21,10,8,7,9,26,306,0,0
2025,punts,14,Jake Bailey,jake-bailey,loghcplmv69wosiqlopr,47.7,42.6,2686,63,64,3005,21,5,11,3,19,25,259,1,0
2025,punts,15,Jeremy Crawshaw,jeremy-crawshaw,ybqasaukmya02ajzgoaz,47.6,41.1,3085,75,76,3573,30,11,3,9,23,29,308,0,0
2025,punts,16,AJ Cole,a-j-cole,t6ah2u0wptbb8n22tehr,47.6,40.8,2899,73,64,3379,24,17,4,4,13,33,400,2,2
2025,punts,17,Matt Araiza,matt-araiza,tmtvevrgg8lziqewdhtv,47.6,41.3,2313,56,69,2664,25,5,8,3,16,24,291,0,0
2025,punts,18,Tommy Townsend,tommy-townsend,zwolwrghzfucwck0bwld,47.6,41.6,2998,72,73,3424,30,10,10,5,14,33,326,1,0
2025,punts,19,Bryce Baringer,bryce-baringer,iyvu3asumkgff88z5lot,47.4,40.6,2071,51,73,2416,21,6,4,4,15,22,265,1,0
2025,punts,20,Tress Way,tress-way,u61eijcazx9o4lb0lwp3,47.3,43.9,2457,56,71,2651,29,0,9,4,18,25,114,0,0
2025,punts,21,Sam Martin,sam-martin,edhegnq9rbphynrogxzh,47.2,40.5,2269,56,68,2642,27,6,7,3,16,24,313,1,0
2025,punts,22,Johnny Hekker,johnny-hekker,ujimjaanshkfyszjp3vl,46.8,40.4,3147,78,65,3653,22,6,6,7,21,38,366,0,0
2025,punts,23,Austin McNamara,austin-mcnamara,tu0cvxj9l141hhpcr5mh,46.7,43.2,3064,71,72,3317,32,1,18,6,25,21,133,0,0
2025,punts,24,Jack Fox,jack-fox-x0892,iwfepgslxhtx236z6faz,46.6,42.8,2398,56,70,2611,28,2,4,2,26,22,173,0,0
2025,punts,25,Ethan Evans,ethan-evans,by1ttgtdiqwd3a2pdbl5,46.3,38,1899,50,68,2315,20,10,5,4,10,21,336,1,0
2025,punts,26,Corey Bojorquez,corey-bojorquez,eiuli9dmspe6d4cwwa00,45.8,37.6,3423,93,67,4165,23,14,8,11,17,41,522,2,2
2025,punts,27,Corliss Waitman,corliss-waitman,tob4qaxxwhpmnalutnk8,45.5,41.7,2588,62,67,2823,26,3,9,3,22,25,175,0,0
2025,punts,28,Mitch Wishnowsky,mitch-wishnowsky,kjifuyh2rm6dygczcv4f,45.3,42,1594,38,62,1723,18,4,5,3,15,11,69,0,0
2025,punts,29,Bradley Pinion,bradley-pinion,xx5dvt7efcoyiwbhrjrq,45.1,40.6,2598,64,69,2889,34,8,6,3,17,30,231,0,0
2025,punts,30,Kai Kroeger,kai-kroeger,jujimmrfpazu360znwfe,44.8,38.6,2163,58,61,2511,18,6,10,4,11,25,268,1,2
2025,punts,31,Riley Dixon,riley-dixon,wcwfdojcfj0i6y1rb5jn,44.7,40.2,2530,65,62,2815,29,4,10,4,21,24,205,0,2
2025,punts,32,Cameron Johnston,cameron-johnston,ppcxjnntytozgd78mhzz,44.6,32.4,356,11,49,490,2,1,0,0,3,7,134,1,0
2025,punts,33,Jamie Gillan,jamie-gillan,kxwddoiqqghc1kxaajco,44.4,38,2088,55,69,2445,17,6,4,4,17,24,277,1,0
2025,punts,34,Thomas Morstead,thomas-morstead,uicxa9bwvrenvcwnoklm,43.6,36.8,1618,44,55,1919,22,1,4,1,16,22,281,1,0
2025,punts,35,Pat O'Donnell,pat-o-donnell,kputu02pppmvb69bkdfg,42.2,39.2,471,13,49,506,3,1,1,1,6,3,15,0,1
2025,punts,36,Brad Robbins,brad-robbins,vhvczed44djnv8vrfwly,39.5,38,152,4,48,158,1,0,2,0,1,1,6,0,0
2025,punts,37,Daniel Carlson,daniel-carlson,gsvj7rtvqwbwdeho8whf,30,30,30,1,30,30,0,1,0,0,0,0,0,0,0
