season,category,rank,player,slug,headshot_id,Avg,Ret,Yds,KRet TD,20+,40+,Lng,FC,FUM
2025,kickoff-returns,1,Mecole Hardman,mecole-hardman,mswmia17pkencx01nswj,61,1,61,0,1,1,61,0,0
2025,kickoff-returns,2,Austin Trammell,austin-trammell,vpkcobp7jdqvk8qwhhtg,54,1,54,0,1,1,54,0,0
2025,kickoff-returns,3,Kene Nwangwu,kene-nwangwu,rlnqgz517fsohrndgjrb,33.6,18,604,1,17,2,99,0,0
2025,kickoff-returns,4,Deonte Banks,deonte-banks,pskti493swphojhbve0c,32.7,19,622,1,18,2,95,0,0
2025,kickoff-returns,5,Ashton Dulin,ashton-dulin,ux55cx0r9iwqwmfmaip6,32.2,16,516,0,15,4,55,0,0
2025,kickoff-returns,6,Dareke Young,dareke-young,xd0585sr1fy1wpry0ued,32.2,10,322,0,8,3,60,0,0
2025,kickoff-returns,7,Mason Tipton,mason-tipton,jcloxjivlxbcveled5lr,31.5,12,378,0,10,2,75,0,0
2025,kickoff-returns,8,Ray Davis,ray-davis-2,xibwzhrl6q5xkgh3utug,30.4,31,943,1,27,6,97,0,0
2025,kickoff-returns,9,Deebo Samuel Sr.,deebo-samuel,ntgyhqg6hq7fanhhsqiw,30.1,15,452,0,13,2,69,0,1
2025,kickoff-returns,10,Tyler Goodson,tyler-goodson,zqmesi6fwv82lhfzlht6,30,2,60,0,2,0,31,0,0
2025,kickoff-returns,11,Omarion Hampton,omarion-hampton,lf2jxvxnbexlinoydbej,30,1,30,0,1,0,30,0,0
2025,kickoff-returns,12,Jalen Royals,jalen-royals-2,sqrid1hnmwqymcp2vxfx,30,1,30,0,1,0,30,0,0
2025,kickoff-returns,13,Isaiah Williams,isaiah-williams-3,rj2etltwzmlxyz1cfkeo,29.9,28,837,0,26,3,83,0,1
2025,kickoff-returns,14,Rashid Shaheed,rashid-shaheed,ku2naisfbxmzgagxojnm,29.8,15,447,1,12,1,100,0,1
2025,kickoff-returns,15,Ameer Abdullah,ameer-abdullah,k8teyeiqchljlm0h5te4,29.6,19,563,0,16,3,81,0,1
2025,kickoff-returns,16,Luke McCaffrey,luke-mccaffrey,xtxiwlkniuldrqg65n3q,29.6,26,769,0,24,3,58,0,0
2025,kickoff-returns,17,Terrell Jennings,terrell-jennings,apyriqt5707yo5qgbni5,29.5,2,59,0,2,0,39,0,0
2025,kickoff-returns,18,Isaiah Davis,isaiah-davis,x6r9a5xhtaklbvnqmtw7,29.4,11,323,0,11,1,41,0,0
2025,kickoff-returns,19,Raheem Mostert,raheem-mostert,fas5rkweusx2hl7abtzh,29.3,23,673,0,21,2,54,0,0
2025,kickoff-returns,20,Brian Robinson,brian-robinson,n1xhex1ytisxcbcggqu7,29.1,13,378,0,12,3,46,0,0
2025,kickoff-returns,21,Emari Demercado,emari-demercado,wu0sm9ttr4aiugi9fquf,28.7,3,86,0,3,0,36,0,0
2025,kickoff-returns,22,Antonio Gibson,antonio-gibson-2,j7ixpkm7u4tdoqwzmbt4,28.5,12,342,1,8,2,90,0,1
2025,kickoff-returns,23,Bhayshul Tuten,bhayshul-tuten,ryjnphuyjbedmgpx5qqj,28.4,19,539,0,16,3,54,0,1
2025,kickoff-returns,24,Coleman Owen,coleman-owen,cjnhiftygnypqumwfphq,28.2,5,141,0,5,0,33,0,0
2025,kickoff-returns,25,Ty Chandler,ty-chandler,dmprsfd75phecgmbkf4l,28,3,84,0,3,0,33,0,0
2025,kickoff-returns,26,Kaden Davis,kaden-davis,j4pxqpw02oztmctolcdr,28,1,28,0,1,0,28,0,0
2025,kickoff-returns,27,Jaleel McLaughlin,jaleel-mclaughlin,jlzkji7mfkcmkyz2tygj,28,1,28,0,1,0,28,0,0
2025,kickoff-returns,28,Tom Kennedy,tom-kennedy,cbpuzvde5zqalmkjo0dv,27.9,16,447,0,14,2,42,0,0
2025,kickoff-returns,29,Luther Burden III,luther-burden-iii,iyuwdz7pbowdkwzq2tg5,27.9,8,223,0,7,1,44,0,0
2025,kickoff-returns,30,Nyheim Hines,nyheim-hines,ud1q6gh3tlkiy2w90gvm,27.9,7,195,0,6,1,40,0,0
2025,kickoff-returns,31,Jalin Hyatt,jalin-hyatt,fqgvjckxe03pr4eup6m7,27.8,4,111,0,4,0,33,0,0
2025,kickoff-returns,32,Jaylin Noel,jaylin-noel,ehlm8w4afdqoisx1e6as,27.6,29,799,0,24,2,69,0,0
2025,kickoff-returns,33,Dylan Drummond,dylan-drummond,xyexcy7ur9nscytyhinx,27.5,4,110,0,4,0,32,0,0
2025,kickoff-returns,34,Skyy Moore,skyy-moore,id9k0aylvgyq8lulabe3,27.5,33,907,0,27,2,98,0,0
2025,kickoff-returns,35,Noah Igbinoghene,noah-igbinoghene,gnhpvwecmtmrv3clqwi1,27.3,7,191,0,7,1,46,0,0
2025,kickoff-returns,36,Jacob Saylors,jacob-saylors,wunm6abfmikwaewmwkp7,27.2,33,897,0,33,0,39,0,0
2025,kickoff-returns,37,Cam Akers,cam-akers,dutj0wamu7giwghnmr4m,27,2,54,0,2,0,29,0,0
2025,kickoff-returns,38,Braxton Berrios,braxton-berrios,striwxmn9t0ixherw7l8,27,3,81,0,3,0,32,0,0
2025,kickoff-returns,39,Michael Carter,michael-carter-3,cwqrxzouk4gkhfziyqre,27,1,27,0,1,0,27,0,0
2025,kickoff-returns,40,Julius Chestnut,julius-chestnut,bkhv6hpjogvs5b31wwrs,27,3,81,0,3,0,32,0,0
2025,kickoff-returns,41,Justice Hill,justice-hill,fuodbrwvianete2gy5ag,26.9,7,188,0,7,0,30,0,0
2025,kickoff-returns,42,Keaton Mitchell,keaton-mitchell,ztciwwpbyaffmckwrzdk,26.9,22,591,0,19,1,41,0,0
2025,kickoff-returns,43,Kalif Raymond,kalif-raymond,dpdv6dm0almcbjdppizx,26.8,6,161,0,5,1,44,0,0
2025,kickoff-returns,44,Malik Washington,malik-washington,dmaiwnmaal9nrwfskl28,26.8,36,965,0,33,4,47,0,0
2025,kickoff-returns,45,Brandon Codrington,brandon-codington,icpo89rrbnus0apxhezm,26.8,14,375,0,13,1,41,0,0
2025,kickoff-returns,46,Will Shipley,will-shipley,pvpaepncsdfgzdubkuhg,26.8,29,777,0,28,1,41,0,1
2025,kickoff-returns,47,DeeJay Dallas,deejay-dallas,qrvemj4m3g2mqlbgy352,26.8,12,321,0,11,0,35,0,0
2025,kickoff-returns,48,Devin Duvernay,devin-duvernay,tj3t166iwsxbnyzxcyyl,26.7,40,1069,0,37,3,56,0,0
2025,kickoff-returns,49,Zamir White,zamir-white,jzthyqk2ld52f31ka1ir,26.7,11,294,0,11,0,34,0,0
2025,kickoff-returns,50,Brashard Smith,brashard-smith,xnf4x6b9a2yunsc0gaej,26.7,18,481,0,16,0,37,0,0
2025,kickoff-returns,51,Avery Williams,avery-williams-2,udxcy5ukuuppfhemywfn,26.6,5,133,0,5,0,29,0,0
2025,kickoff-returns,52,Tyler Badie,tyler-badie,ghhul5piv9vzeih6atsj,26.6,17,452,0,16,0,34,0,0
2025,kickoff-returns,53,Xavier Gipson,xavier-gipson,o81mvslx374ouca313mw,26.6,12,319,0,10,1,40,0,1
2025,kickoff-returns,54,Dyami Brown,dyami-brown,addv9eheok1jj7amfkpb,26.5,4,106,0,4,0,31,0,0
2025,kickoff-returns,55,Cody White,cody-white-2,qaxlehtrp722qleo48sc,26.5,4,106,0,3,0,36,0,0
2025,kickoff-returns,56,Tyrone Tracy Jr.,tyrone-tracy-jr,b9nje50lohbprf06xoom,26.4,5,132,0,5,0,30,0,0
2025,kickoff-returns,57,Tyquan Thornton,tyquan-thornton,bjqzuempyiwxe0hl7e5a,26.4,18,475,0,16,0,34,0,0
2025,kickoff-returns,58,Kyle Williams,kyle-williams-5,xkicyhizq6sm86wr5osk,26.4,11,290,0,10,0,36,0,0
2025,kickoff-returns,59,Jaret Patterson,jaret-patterson,thg0iebj03kg0nuykglu,26.3,3,79,0,3,0,34,0,0
2025,kickoff-returns,60,Marvin Mims Jr.,marvin-mims-jr,zbdjtph5xplbf4yocz0l,26.3,25,658,0,21,1,46,0,0
2025,kickoff-returns,61,KaVontae Turpin,kavontae-turpin,tayjlp1hgmm6rewgl1k4,26.3,69,1814,0,62,3,84,0,0
2025,kickoff-returns,62,Gunner Olszewski,gunner-olszewski,q6fs5e2eotgeh47xeo74,26.2,26,682,0,22,0,37,0,1
2025,kickoff-returns,63,Andre Baccellia,andre-baccellia,uaqykjil87rj71rkyz70,26.2,9,236,0,8,1,43,0,0
2025,kickoff-returns,64,Chris Moore,chris-moore,o0s29hnpztyxqotqdx8h,26.2,6,157,0,6,0,33,0,0
2025,kickoff-returns,65,Greg Dortch,greg-dortch,pylafoddjiqh4rhjlhpf,26.2,31,811,0,29,0,39,0,1
2025,kickoff-returns,66,Ronnie Rivers,ronnie-rivers,t9l7jhs1jw1joy8jpxee,26.1,16,418,0,14,1,46,0,0
2025,kickoff-returns,67,Devin Singletary,devin-singletary,xy2r2msxjqneml2c1cdc,26.1,12,313,0,11,0,33,0,0
2025,kickoff-returns,68,Myles Price,myles-price,yi2pgwujy0lv9l3m3sig,26,57,1479,0,49,1,61,0,2
2025,kickoff-returns,69,Dee Eskridge,d-wayne-eskridge,baasw8ia3qztewmawfnz,25.9,28,726,0,25,1,54,0,1
2025,kickoff-returns,70,Dylan Laube,dylan-laube,lpizdza73bgksstymv5t,25.9,33,855,0,29,0,38,0,1
2025,kickoff-returns,71,Chuba Hubbard,chuba-hubbard,rzsvnt0pxsaize2ndhxm,25.9,9,233,0,9,0,27,0,0
2025,kickoff-returns,72,Emanuel Wilson,emanuel-wilson,uorruvczsxzvffpbxu8z,25.9,9,233,0,8,0,33,0,0
2025,kickoff-returns,73,Anthony Gould,anthony-gould,irctulz9pij3tzpokih0,25.9,25,647,0,22,0,39,0,0
2025,kickoff-returns,74,Charlie Jones,charlie-jones-3,poy4ph18jx211xbe6ajt,25.8,42,1084,1,37,1,98,0,0
2025,kickoff-returns,75,Tahj Brooks,tahj-brooks,s89clgkij0ytcmrkdydt,25.8,10,258,0,9,1,41,0,0
2025,kickoff-returns,76,Josh Williams,josh-williams-3,c2zxbiz8153usfggosvv,25.8,5,129,0,5,0,28,0,0
2025,kickoff-returns,77,Derius Davis,derius-davis,ykmeihbr6903smvblzgc,25.8,18,464,0,17,0,30,0,1
2025,kickoff-returns,78,LeQuint Allen Jr.,lequint-allen,i0utigksuuvo2njb9wtk,25.7,24,617,0,21,1,50,0,0
2025,kickoff-returns,79,Jaylen Warren,jaylen-warren,dkiteytgnxar1mpaxcxv,25.6,8,205,0,7,0,31,0,0
2025,kickoff-returns,80,Chimere Dike,chimere-dike,cbcpv4931dqmgsu3anvo,25.6,62,1588,0,56,3,71,0,1
2025,kickoff-returns,81,Savion Williams,savion-williams,snmedlu4ra62snufe1qg,25.6,28,717,0,24,0,36,0,0
2025,kickoff-returns,82,D'Ernest Johnson,d-ernest-johnson,gbe2eojaxid4n3pmo0rj,25.6,5,128,0,5,0,32,0,0
2025,kickoff-returns,83,Evan Hull,evan-hull,xyyujk9mvvzegaiefp51,25.6,7,179,0,7,0,29,0,0
2025,kickoff-returns,84,Nikko Remigio,nikko-remigio,n6b1tsy32fswbd0xgsim,25.6,29,741,0,26,1,47,0,0
2025,kickoff-returns,85,Jordan Whittington,jordan-whittington,enqcg1lgjkuk0hqz3qjc,25.5,17,434,0,15,0,38,0,0
2025,kickoff-returns,86,Trey Sermon,trey-sermon,eqhl3xiczodsyqlmsxvr,25.5,2,51,0,2,0,26,0,0
2025,kickoff-returns,87,Xavier Weaver,xavier-weaver,kubeuin8fuw75xuxnhli,25.5,2,51,0,2,0,27,0,0
2025,kickoff-returns,88,Rasheen Ali,rasheen-ali,zwjrkzu3ia3cfrwgotqt,25.4,30,763,0,26,2,43,0,0
2025,kickoff-returns,89,Tai Felton,tai-felton,pyritorbaz2enqayclln,25.4,7,178,0,6,0,34,0,0
2025,kickoff-returns,90,Jalen Brooks,jalen-brooks,xeg0tvg6klf0afgddkq6,25.4,10,254,0,9,0,33,0,1
2025,kickoff-returns,91,Kameron Johnson,kameron-johnson,ms7auybbkq1nwbd2ev0d,25.4,27,685,0,24,1,44,0,0
2025,kickoff-returns,92,Samaje Perine,samaje-perine,fllwhcdovol5i7xxahf6,25.3,17,430,0,15,0,38,0,0
2025,kickoff-returns,93,Josh Blackwell,josh-blackwell,w95cwi511mgmeimkgzyg,25.3,18,455,0,14,0,34,0,2
2025,kickoff-returns,94,Blake Corum,blake-corum,axzqbqjkrbwfzodwwakq,25.1,13,326,0,12,0,30,0,0
2025,kickoff-returns,95,Braelon Allen,braelon-allen,fmpzgmfjmcbrv1gmqbdn,25,4,100,0,4,0,31,0,0
2025,kickoff-returns,96,Britain Covey,britain-covey,jgvgr3prtme8ua28bfxi,25,5,125,0,5,0,30,0,1
2025,kickoff-returns,97,Ollie Gordon II,ollie-gordon-ii,bv33rgypaauv7sealwkr,25,1,25,0,1,0,25,0,0
2025,kickoff-returns,98,Parker Washington,parker-washington,yn0hc5xrz5nqeccg8two,25,3,75,0,3,0,32,0,0
2025,kickoff-returns,99,DeAndre Carter,deandre-carter,jx4io3owliw3l5xve6ta,24.9,11,274,0,9,0,32,0,0
2025,kickoff-returns,100,Curtis Samuel,curtis-samuel,vyibrxegz375ntjby5zs,24.8,9,223,0,7,0,31,0,0
2025,kickoff-returns,101,Jamal Agnew,jamal-agnew,buapoaxrvjzwsr4l34mq,24.7,30,741,0,25,1,45,0,1
2025,kickoff-returns,102,Rico Dowdle,rico-dowdle,mx2bxccuzmdvzbksypws,24.6,8,197,0,7,0,30,0,0
2025,kickoff-returns,103,Hassan Haskins,hassan-haskins,n9jwsfxyo1xppmhscpik,24.6,8,197,0,8,0,29,0,0
2025,kickoff-returns,104,Tylan Wallace,tylan-wallace,rifnnpeub6okv41offnd,24.6,5,123,0,4,0,33,0,0
2025,kickoff-returns,105,LaJohntay Wester,lajohntay-wester,t6cyhtqoihm88xppswud,24.6,10,246,0,9,0,32,0,1
2025,kickoff-returns,106,Bo Melton,bo-melton,d7hxvsyeufobjykcxhls,24.6,19,467,0,17,0,36,0,0
2025,kickoff-returns,107,Kendre Miller,kendre-miller,vclaomtslw55smksopku,24.6,16,393,0,14,1,43,0,0
2025,kickoff-returns,108,Arian Smith,arian-smith,asywvwrn6zhlidxothqn,24.5,2,49,0,1,0,31,0,0
2025,kickoff-returns,109,Kenny Gainwell,kenneth-gainwell,eo62l8ec8e3lzt86ihth,24.4,26,633,0,22,0,36,0,0
2025,kickoff-returns,110,Owen Wright,owen-wright,nig1vy9k1asfhkanvlki,24.3,3,73,0,3,0,28,0,0
2025,kickoff-returns,111,George Holani,george-holani,pgwvv5qhcmnwf3tomy1a,24.2,16,387,0,13,0,34,0,0
2025,kickoff-returns,112,Tremon Smith,tremon-smith,pva3iicdybaabrrws0sg,24.2,18,435,0,12,0,37,0,1
2025,kickoff-returns,113,Ke'Shawn Williams,ke-shawn-williams,r7enwgccqv93feuoeurz,24.2,26,628,0,22,0,37,0,1
2025,kickoff-returns,114,Jaydon Blue,jaydon-blue,lscygdlqczomp0l9oykv,24,3,72,0,2,0,32,0,0
2025,kickoff-returns,115,Dylan Sampson,dylan-sampson,den1hzzomdxfcsgk88o5,24,15,360,0,11,0,34,0,0
2025,kickoff-returns,116,Grant Stuard,grant-stuard,n4pxuecujgacthcoxgql,24,3,72,0,3,0,28,0,0
2025,kickoff-returns,117,Efton Chism III,efton-chism-iii,zbnf3ujmwprzgjnwdtlo,23.9,16,383,0,13,0,31,0,0
2025,kickoff-returns,118,Kaleb Johnson,kaleb-johnson-2,zpzc4oobxi8nr5dyonob,23.8,8,190,0,7,0,29,0,1
2025,kickoff-returns,119,Trevor Etienne,trevor-etienne,pcuzq84x7ia5yvmikltb,23.6,31,733,0,24,1,45,0,1
2025,kickoff-returns,120,Craig Reynolds,craig-reynolds,f5zuttg3hinfqgronrsg,23.6,5,118,0,5,0,26,0,0
2025,kickoff-returns,121,Steven Sims,steven-sims,j4wvyoqtwt34h8qamgun,23.6,10,236,0,8,0,31,0,0
2025,kickoff-returns,122,Trayveon Williams,trayveon-williams,zwei0idpruplnhlmpfkr,23.6,9,212,0,9,0,29,0,0
2025,kickoff-returns,123,Jakobie Keeney-James,,,23.5,2,47,0,2,0,26,0,0
2025,kickoff-returns,124,Malachi Corley,malachi-corley,lay1p8pvwrglmqorc6ev,23.4,21,492,0,18,0,33,0,0
2025,kickoff-returns,125,Deven Thompkins,deven-thompkins,hohgyaldfuylxqwnb8i2,23.4,12,281,0,8,1,47,0,0
2025,kickoff-returns,126,Dante Pettis,dante-pettis,xz70t2ahl2ak2q9mqtia,23.4,15,351,0,12,0,32,0,0
2025,kickoff-returns,127,TreVeyon Henderson,treveyon-henderson,ebcjvwytgu2y4kqm8ihv,23.2,9,209,0,9,0,28,0,0
2025,kickoff-returns,128,KeAndre Lambert-Smith,keandre-lambert-smith,xhhzgylwh0ptvpaghnuu,23.2,18,418,0,11,0,34,0,0
2025,kickoff-returns,129,Xavier Smith,xavier-smith,hqvwpitewijx8bjrcofe,23.2,13,301,0,11,0,32,0,0
2025,kickoff-returns,130,Brittain Brown,brittain-brown,xo28viloq6rjkgca3gpz,23,1,23,0,1,0,23,0,0
2025,kickoff-returns,131,Dameon Pierce,dameon-pierce,oai3defivyfyofxxh4ux,23,4,92,0,4,0,26,0,0
2025,kickoff-returns,132,Tre Tucker,tre-tucker,hazzk3hrcequzosdgzgv,23,1,23,0,1,0,23,0,0
2025,kickoff-returns,133,Sean Tucker,sean-tucker,wiarwjvy8p6bojlratp4,23,26,597,0,18,0,35,0,1
2025,kickoff-returns,134,Velus Jones Jr.,velus-jones,d4y5fxivhcxk34q7stpb,22.9,8,183,0,6,0,30,0,0
2025,kickoff-returns,135,Ray-Ray McCloud,ray-ray-mccloud,nvwn3sdihyyd2itjt7vy,22.8,4,91,0,2,0,30,0,0
2025,kickoff-returns,136,Miles Sanders,miles-sanders,niyjjkzmxjmesftgjs8y,22.7,3,68,0,3,0,24,0,0
2025,kickoff-returns,137,Jerome Ford,jerome-ford,rntmoum7ncnyo5j2bdei,22.6,13,294,0,9,0,32,0,0
2025,kickoff-returns,138,Nate Hobbs,nate-hobbs,qewuemdrhzwzc9hluywm,22.5,2,45,0,2,0,23,0,0
2025,kickoff-returns,139,Kimani Vidal,kimani-vidal,tqdctdun0bv60d5ziwtl,22.1,8,177,0,6,0,31,0,0
2025,kickoff-returns,140,RJ Harvey,rj-harvey,szxmro5enrxlscvv67xg,22.1,16,353,0,13,0,29,0,0
2025,kickoff-returns,141,Treylon Burks,treylon-burks,bmozbzdxgnnwdniuvgnn,22,1,22,0,1,0,22,0,0
2025,kickoff-returns,142,Chase Edmonds,chase-edmonds,nbnqxhjafvg2vg6lc2ls,22,11,242,0,7,0,29,0,0
2025,kickoff-returns,143,Khalil Herbert,khalil-herbert,gjwksf9ygntjmtceeerh,22,1,22,0,1,0,22,0,0
2025,kickoff-returns,144,Roschon Johnson,roschon-johnson,xbham6uvckkshpntb8oj,22,1,22,0,1,0,22,0,0
2025,kickoff-returns,145,Corey Kiner,corey-kiner,tpnamrgzfbytwlzhhyf8,22,1,22,0,1,0,22,0,0
2025,kickoff-returns,146,Dominic Lovett,dominic-lovett,ccplcgivzomevih1erpl,22,1,22,0,1,0,22,0,0
2025,kickoff-returns,147,Ty Johnson,ty-johnson-x3152,zruhihypizhtgpvsaj3c,21.8,11,240,0,8,0,31,0,0
2025,kickoff-returns,148,Devin Neal,devin-neal,set0xwgpkp0k3bofcpzn,21.7,7,152,0,5,0,31,0,0
2025,kickoff-returns,149,Bam Knight,bam-knight,mjxnlzlnnwlfqayeybut,21.3,12,256,0,9,0,28,0,0
2025,kickoff-returns,150,Dee Alford,deaundre-ford,mgi0d5fd1huslr3kfqg1,21,1,21,0,1,0,21,0,0
2025,kickoff-returns,151,Jalen Tolbert,jalen-tolbert,dthrzudnyh1mcrh1det2,21,5,105,0,4,0,30,0,0
2025,kickoff-returns,152,Gary Brightwell,gary-brightwell,cwvxh10m5jw2gkbahtck,20.8,4,83,0,2,0,26,0,0
2025,kickoff-returns,153,Tank Bigsby,tank-bigsby,vfkdjfpiyrcuzahrmfvn,20.7,10,207,0,6,0,31,0,0
2025,kickoff-returns,154,Eric Gray,eric-gray,ijjxwxv1ccyowzhpuw2k,20.5,2,41,0,1,0,26,0,0
2025,kickoff-returns,155,Wan'Dale Robinson,wan-dale-robinson,yzcvyhmilvxedfjfjglc,20.5,2,41,0,2,0,21,0,0
2025,kickoff-returns,156,Isaac Guerendo,isaac-guerendo,uy1bdu0dokosyzl4ohmi,20,5,100,0,2,0,25,0,0
2025,kickoff-returns,157,D'Shawn Jamison,d-shawn-jamison,tpz66swcddlot6x1lcfz,20,1,20,0,1,0,20,0,0
2025,kickoff-returns,158,Rhamondre Stevenson,rhamondre-stevenson,zmpuirvuw4r04inxth5i,20,2,40,0,1,0,23,0,0
2025,kickoff-returns,159,Sione Vaki,sione-vaki,abqcluf2gbejhiyjjtoz,19.5,2,39,0,1,0,29,0,0
2025,kickoff-returns,160,Natrone Brooks,natrone-brooks,swxxv6yxfspw2vyrjxgv,19.2,15,288,0,9,0,26,0,1
2025,kickoff-returns,161,Jalen Moreno-Cropper,jalen-moreno-cropper,key7qkukzlgva9oz7k2r,19,2,38,0,1,0,21,0,0
2025,kickoff-returns,162,Jaylin Lane,jaylin-lane,fa5ufxqxs3hzioih3cfb,18.7,3,56,0,2,0,30,0,1
2025,kickoff-returns,163,John Metchie III,john-metchie,nsjpnskeldxzbzckpfgg,17.1,7,120,0,4,0,26,0,0
2025,kickoff-returns,164,Jeremy McNichols,jeremy-mcnichols,xcrgrtlk6ukrshtlnr5e,14.5,2,29,0,0,0,15,0,0
2025,kickoff-returns,165,AJ Dillon,a-j-dillon,imxxt8yrbrxptoxr1hw5,12.5,2,25,0,1,0,25,0,0
2025,kickoff-returns,166,Nate Carter,nate-carter,c7wg2qvjvd8diaaujwpt,-1,1,-1,0,0,0,-1,0,0
